filename,Latitude,Longitude,Depth,sample_type,Cruise,Instrument,tag1,tag2,tag3
D20240401T151712_IFCB206,41.524,-70.672,3,underway,AR82,IFCB206,,targetdepth_surface,
D20240401T173608_IFCB206,41.524,-70.672,3,underway,AR82,IFCB206,,targetdepth_surface,
D20240401T180004_IFCB206,41.524,-70.672,3,underway,AR82,IFCB206,,targetdepth_surface,
D20240401T182359_IFCB206,41.524,-70.672,3,underway,AR82,IFCB206,,targetdepth_surface,
D20240401T184754_IFCB206,40.291,-70.882,3,underway,AR82,IFCB206,,targetdepth_surface,
D20240401T191149_IFCB206,40.291,-70.882,3,underway,AR82,IFCB206,,targetdepth_surface,
D20240401T193544_IFCB206,40.291,-70.882,3,underway,AR82,IFCB206,,targetdepth_surface,
D20240401T195940_IFCB206,40.291,-70.882,3,underway,AR82,IFCB206,,targetdepth_surface,
D20240401T202335_IFCB206,40.291,-70.882,3,underway,AR82,IFCB206,,targetdepth_surface,
D20240401T204730_IFCB206,40.291,-70.882,3,underway,AR82,IFCB206,,targetdepth_surface,
D20240401T211125_IFCB206,40.291,-70.882,3,underway,AR82,IFCB206,,targetdepth_surface,
D20240401T213521_IFCB206,40.291,-70.882,3,underway,AR82,IFCB206,,targetdepth_surface,
D20240401T215915_IFCB206,40.291,-70.882,3,underway,AR82,IFCB206,,targetdepth_surface,
D20240401T222309_IFCB206,40.291,-70.882,3,underway,AR82,IFCB206,,targetdepth_surface,
D20240401T224703_IFCB206,40.291,-70.882,3,underway,AR82,IFCB206,,targetdepth_surface,
D20240401T231058_IFCB206,40.291,-70.882,3,underway,AR82,IFCB206,,targetdepth_surface,
D20240401T233452_IFCB206,40.291,-70.882,3,underway,AR82,IFCB206,,targetdepth_surface,
D20240401T235846_IFCB206,40.291,-70.882,3,underway,AR82,IFCB206,,targetdepth_surface,
D20240402T002241_IFCB206,40.228,-70.883,3,underway,AR82,IFCB206,,targetdepth_surface,
D20240402T004636_IFCB206,40.156,-70.884,3,underway,AR82,IFCB206,,targetdepth_surface,
D20240402T011030_IFCB206,40.154,-70.882,3,underway,AR82,IFCB206,,targetdepth_surface,
D20240402T013424_IFCB206,40.096,-70.882,3,underway,AR82,IFCB206,,targetdepth_surface,
D20240402T015818_IFCB206,40.026,-70.882,3,underway,AR82,IFCB206,,targetdepth_surface,
D20240402T022213_IFCB206,39.956,-70.883,3,underway,AR82,IFCB206,,targetdepth_surface,
D20240402T024607_IFCB206,39.941,-70.883,3,underway,AR82,IFCB206,,targetdepth_surface,
D20240402T031001_IFCB206,39.941,-70.883,3,underway,AR82,IFCB206,,targetdepth_surface,
D20240402T033355_IFCB206,39.894,-70.884,3,underway,AR82,IFCB206,,targetdepth_surface,
D20240402T035750_IFCB206,39.822,-70.883,3,underway,AR82,IFCB206,,targetdepth_surface,
D20240402T042144_IFCB206,39.757,-70.91,3,underway,AR82,IFCB206,,targetdepth_surface,
D20240402T044538_IFCB206,39.71,-70.989,3,underway,AR82,IFCB206,,targetdepth_surface,
D20240402T050932_IFCB206,39.665,-71.067,3,underway,AR82,IFCB206,,targetdepth_surface,
D20240402T053326_IFCB206,39.618,-71.147,3,underway,AR82,IFCB206,,targetdepth_surface,
D20240402T055721_IFCB206,39.569,-71.227,3,underway,AR82,IFCB206,,targetdepth_surface,
D20240402T062116_IFCB206,39.522,-71.305,3,underway,AR82,IFCB206,,targetdepth_surface,
D20240402T064510_IFCB206,39.476,-71.382,3,underway,AR82,IFCB206,,targetdepth_surface,
D20240402T070904_IFCB206,39.43,-71.459,3,underway,AR82,IFCB206,,targetdepth_surface,
D20240402T073259_IFCB206,39.386,-71.533,3,underway,AR82,IFCB206,,targetdepth_surface,
D20240402T075653_IFCB206,39.338,-71.612,3,underway,AR82,IFCB206,,targetdepth_surface,
D20240402T082047_IFCB206,39.288,-71.693,3,underway,AR82,IFCB206,,targetdepth_surface,
D20240402T084441_IFCB206,39.24,-71.775,3,underway,AR82,IFCB206,,targetdepth_surface,
D20240402T090835_IFCB206,39.191,-71.855,3,underway,AR82,IFCB206,,targetdepth_surface,
D20240402T093230_IFCB206,39.141,-71.935,3,underway,AR82,IFCB206,,targetdepth_surface,
D20240402T095624_IFCB206,39.092,-72.015,3,underway,AR82,IFCB206,,targetdepth_surface,
D20240402T102018_IFCB206,39.044,-72.094,3,underway,AR82,IFCB206,,targetdepth_surface,
D20240402T104412_IFCB206,38.999,-72.172,3,underway,AR82,IFCB206,,targetdepth_surface,
D20240402T110807_IFCB206,38.955,-72.249,3,underway,AR82,IFCB206,,targetdepth_surface,
D20240402T113201_IFCB206,38.911,-72.327,3,underway,AR82,IFCB206,,targetdepth_surface,
D20240402T115555_IFCB206,38.868,-72.402,3,underway,AR82,IFCB206,,targetdepth_surface,
D20240402T121949_IFCB206,38.821,-72.478,3,underway,AR82,IFCB206,,targetdepth_surface,
D20240402T124343_IFCB206,38.776,-72.555,3,underway,AR82,IFCB206,,targetdepth_surface,
D20240402T130738_IFCB206,38.73,-72.633,3,underway,AR82,IFCB206,,targetdepth_surface,
D20240402T133132_IFCB206,38.683,-72.711,3,underway,AR82,IFCB206,,targetdepth_surface,
D20240402T135526_IFCB206,38.634,-72.788,3,underway,AR82,IFCB206,,targetdepth_surface,
D20240402T142812_IFCB206,38.568,-72.896,3,underway,AR82,IFCB206,,targetdepth_surface,
D20240402T145207_IFCB206,38.521,-72.975,3,underway,AR82,IFCB206,,targetdepth_surface,
D20240402T151602_IFCB206,38.472,-73.054,3,underway,AR82,IFCB206,,targetdepth_surface,
D20240402T153956_IFCB206,38.422,-73.128,3,underway,AR82,IFCB206,,targetdepth_surface,
D20240402T160351_IFCB206,38.375,-73.207,3,underway,AR82,IFCB206,,targetdepth_surface,
D20240402T162745_IFCB206,38.327,-73.285,3,underway,AR82,IFCB206,,targetdepth_surface,
D20240402T165139_IFCB206,38.274,-73.358,3,underway,AR82,IFCB206,,targetdepth_surface,
D20240402T171533_IFCB206,38.225,-73.431,3,underway,AR82,IFCB206,,targetdepth_surface,
D20240402T173928_IFCB206,38.176,-73.504,3,underway,AR82,IFCB206,,targetdepth_surface,
D20240402T180322_IFCB206,38.13,-73.574,3,underway,AR82,IFCB206,,targetdepth_surface,
D20240402T182716_IFCB206,38.084,-73.644,3,underway,AR82,IFCB206,,targetdepth_surface,
D20240402T185110_IFCB206,38.062,-73.679,3,underway,AR82,IFCB206,,targetdepth_surface,
D20240402T191505_IFCB206,38.062,-73.679,3,underway,AR82,IFCB206,,targetdepth_surface,
D20240402T193859_IFCB206,38.019,-73.712,3,underway,AR82,IFCB206,,targetdepth_surface,
D20240402T200253_IFCB206,37.961,-73.759,3,underway,AR82,IFCB206,,targetdepth_surface,
D20240402T202647_IFCB206,37.904,-73.806,3,underway,AR82,IFCB206,,targetdepth_surface,
D20240402T205042_IFCB206,37.849,-73.855,3,underway,AR82,IFCB206,,targetdepth_surface,
D20240402T211436_IFCB206,37.794,-73.903,3,underway,AR82,IFCB206,,targetdepth_surface,
D20240402T213830_IFCB206,37.736,-73.946,3,underway,AR82,IFCB206,,targetdepth_surface,
D20240402T220224_IFCB206,37.676,-73.99,3,underway,AR82,IFCB206,,targetdepth_surface,
D20240402T222619_IFCB206,37.616,-74.037,3,underway,AR82,IFCB206,,targetdepth_surface,
D20240402T225014_IFCB206,37.553,-74.083,3,underway,AR82,IFCB206,,targetdepth_surface,
D20240402T231408_IFCB206,37.49,-74.128,3,underway,AR82,IFCB206,,targetdepth_surface,
D20240402T233803_IFCB206,37.425,-74.169,3,underway,AR82,IFCB206,,targetdepth_surface,
D20240403T000157_IFCB206,37.362,-74.208,3,underway,AR82,IFCB206,,targetdepth_surface,
D20240403T002552_IFCB206,37.296,-74.253,3,underway,AR82,IFCB206,,targetdepth_surface,
D20240403T004946_IFCB206,37.23,-74.298,3,underway,AR82,IFCB206,,targetdepth_surface,
D20240403T011340_IFCB206,37.161,-74.339,3,underway,AR82,IFCB206,,targetdepth_surface,
D20240403T013734_IFCB206,37.095,-74.385,3,underway,AR82,IFCB206,,targetdepth_surface,
D20240403T020128_IFCB206,37.029,-74.432,3,underway,AR82,IFCB206,,targetdepth_surface,
D20240403T022523_IFCB206,36.964,-74.479,3,underway,AR82,IFCB206,,targetdepth_surface,
D20240403T024917_IFCB206,36.895,-74.519,3,underway,AR82,IFCB206,,targetdepth_surface,
D20240403T031311_IFCB206,36.825,-74.558,3,underway,AR82,IFCB206,,targetdepth_surface,
D20240403T033705_IFCB206,36.758,-74.6,3,underway,AR82,IFCB206,,targetdepth_surface,
D20240403T040100_IFCB206,36.692,-74.643,3,underway,AR82,IFCB206,,targetdepth_surface,
D20240403T042455_IFCB206,36.63,-74.683,3,underway,AR82,IFCB206,,targetdepth_surface,
D20240403T044850_IFCB206,36.564,-74.725,3,underway,AR82,IFCB206,,targetdepth_surface,
D20240403T051245_IFCB206,36.497,-74.768,3,underway,AR82,IFCB206,,targetdepth_surface,
D20240403T053641_IFCB206,36.429,-74.811,3,underway,AR82,IFCB206,,targetdepth_surface,
D20240403T060036_IFCB206,36.364,-74.854,3,underway,AR82,IFCB206,,targetdepth_surface,
D20240403T062431_IFCB206,36.3,-74.895,3,underway,AR82,IFCB206,,targetdepth_surface,
D20240403T064825_IFCB206,36.239,-74.934,3,underway,AR82,IFCB206,,targetdepth_surface,
D20240403T071221_IFCB206,36.178,-74.973,3,underway,AR82,IFCB206,,targetdepth_surface,
D20240403T073616_IFCB206,36.119,-75.012,3,underway,AR82,IFCB206,,targetdepth_surface,
D20240403T080010_IFCB206,36.061,-75.049,3,underway,AR82,IFCB206,,targetdepth_surface,
D20240403T082404_IFCB206,36.003,-75.087,3,underway,AR82,IFCB206,,targetdepth_surface,
D20240403T084758_IFCB206,35.952,-75.123,3,underway,AR82,IFCB206,site_CP10CNSM,targetdepth_surface,
D20240403T091153_IFCB206,35.95,-75.124,3,underway,AR82,IFCB206,site_CP10CNSM,targetdepth_surface,
D20240403T093547_IFCB206,35.95,-75.124,3,underway,AR82,IFCB206,site_CP10CNSM,targetdepth_surface,
D20240403T095941_IFCB206,35.95,-75.124,3,underway,AR82,IFCB206,site_CP10CNSM,targetdepth_surface,
D20240403T102335_IFCB206,35.951,-75.122,3,underway,AR82,IFCB206,site_CP10CNSM,targetdepth_surface,
D20240403T104730_IFCB206,35.951,-75.122,3,underway,AR82,IFCB206,site_CP10CNSM,targetdepth_surface,
D20240403T111124_IFCB206,35.952,-75.12,3,underway,AR82,IFCB206,site_CP10CNSM,targetdepth_surface,
D20240403T113518_IFCB206,35.968,-75.108,3,underway,AR82,IFCB206,,targetdepth_surface,
D20240403T115914_IFCB206,35.97,-75.11,3,underway,AR82,IFCB206,,targetdepth_surface,
D20240403T122308_IFCB206,35.97,-75.11,3,underway,AR82,IFCB206,,targetdepth_surface,
D20240403T124702_IFCB206,35.967,-75.112,3,underway,AR82,IFCB206,,targetdepth_surface,
D20240403T131056_IFCB206,35.962,-75.114,3,underway,AR82,IFCB206,site_CP10CNSM,targetdepth_surface,
D20240403T133450_IFCB206,35.956,-75.117,3,underway,AR82,IFCB206,site_CP10CNSM,targetdepth_surface,
D20240403T135846_IFCB206,35.949,-75.12,3,underway,AR82,IFCB206,site_CP10CNSM,targetdepth_surface,
D20240403T142240_IFCB206,35.95,-75.126,3,underway,AR82,IFCB206,site_CP10CNSM,targetdepth_surface,
D20240403T213415_IFCB206,35.954,-75.121,3,underway,AR82,IFCB206,site_CP10CNSM,targetdepth_surface,
D20240403T215809_IFCB206,35.954,-75.121,3,underway,AR82,IFCB206,site_CP10CNSM,targetdepth_surface,
D20240403T222203_IFCB206,35.954,-75.121,3,underway,AR82,IFCB206,site_CP10CNSM,targetdepth_surface,
D20240403T225427_IFCB206,35.954,-75.121,3,underway,AR82,IFCB206,site_CP10CNSM,targetdepth_surface,
D20240403T231822_IFCB206,35.954,-75.121,3,underway,AR82,IFCB206,site_CP10CNSM,targetdepth_surface,
D20240403T234216_IFCB206,35.954,-75.121,3,underway,AR82,IFCB206,site_CP10CNSM,targetdepth_surface,
D20240404T000610_IFCB206,35.954,-75.121,3,underway,AR82,IFCB206,site_CP10CNSM,targetdepth_surface,
D20240404T003004_IFCB206,35.954,-75.121,3,underway,AR82,IFCB206,site_CP10CNSM,targetdepth_surface,
D20240404T005359_IFCB206,35.954,-75.121,3,underway,AR82,IFCB206,site_CP10CNSM,targetdepth_surface,
D20240404T011753_IFCB206,35.954,-75.121,3,underway,AR82,IFCB206,site_CP10CNSM,targetdepth_surface,
D20240404T014148_IFCB206,35.954,-75.121,3,underway,AR82,IFCB206,site_CP10CNSM,targetdepth_surface,
D20240404T020542_IFCB206,35.954,-75.121,3,underway,AR82,IFCB206,site_CP10CNSM,targetdepth_surface,
D20240404T022936_IFCB206,35.954,-75.121,3,underway,AR82,IFCB206,site_CP10CNSM,targetdepth_surface,
D20240404T025331_IFCB206,35.954,-75.121,3,underway,AR82,IFCB206,site_CP10CNSM,targetdepth_surface,
D20240404T031725_IFCB206,35.954,-75.121,3,underway,AR82,IFCB206,site_CP10CNSM,targetdepth_surface,
D20240404T034119_IFCB206,35.954,-75.121,3,underway,AR82,IFCB206,site_CP10CNSM,targetdepth_surface,
D20240404T040513_IFCB206,35.954,-75.121,3,underway,AR82,IFCB206,site_CP10CNSM,targetdepth_surface,
D20240404T042908_IFCB206,35.954,-75.121,3,underway,AR82,IFCB206,site_CP10CNSM,targetdepth_surface,
D20240404T045302_IFCB206,35.954,-75.12,3,underway,AR82,IFCB206,site_CP10CNSM,targetdepth_surface,
D20240404T051657_IFCB206,35.954,-75.12,3,underway,AR82,IFCB206,site_CP10CNSM,targetdepth_surface,
D20240404T054051_IFCB206,35.954,-75.12,3,underway,AR82,IFCB206,site_CP10CNSM,targetdepth_surface,
D20240404T060446_IFCB206,35.954,-75.12,3,underway,AR82,IFCB206,site_CP10CNSM,targetdepth_surface,
D20240404T062841_IFCB206,35.954,-75.12,3,underway,AR82,IFCB206,site_CP10CNSM,targetdepth_surface,
D20240404T065235_IFCB206,35.954,-75.12,3,underway,AR82,IFCB206,site_CP10CNSM,targetdepth_surface,
D20240404T071629_IFCB206,35.954,-75.12,3,underway,AR82,IFCB206,site_CP10CNSM,targetdepth_surface,
D20240404T074023_IFCB206,35.954,-75.12,3,underway,AR82,IFCB206,site_CP10CNSM,targetdepth_surface,
D20240404T080418_IFCB206,35.954,-75.12,3,underway,AR82,IFCB206,site_CP10CNSM,targetdepth_surface,
D20240404T082812_IFCB206,35.954,-75.12,3,underway,AR82,IFCB206,site_CP10CNSM,targetdepth_surface,
D20240404T085206_IFCB206,35.954,-75.12,3,underway,AR82,IFCB206,site_CP10CNSM,targetdepth_surface,
D20240404T091600_IFCB206,35.954,-75.12,3,underway,AR82,IFCB206,site_CP10CNSM,targetdepth_surface,
D20240404T093955_IFCB206,35.954,-75.12,3,underway,AR82,IFCB206,site_CP10CNSM,targetdepth_surface,
D20240404T100349_IFCB206,35.954,-75.12,3,underway,AR82,IFCB206,site_CP10CNSM,targetdepth_surface,
D20240404T102743_IFCB206,35.954,-75.12,3,underway,AR82,IFCB206,site_CP10CNSM,targetdepth_surface,
D20240404T105137_IFCB206,35.954,-75.12,3,underway,AR82,IFCB206,site_CP10CNSM,targetdepth_surface,
D20240404T111532_IFCB206,35.954,-75.12,3,underway,AR82,IFCB206,site_CP10CNSM,targetdepth_surface,
D20240404T113926_IFCB206,35.954,-75.12,3,underway,AR82,IFCB206,site_CP10CNSM,targetdepth_surface,
D20240404T120320_IFCB206,35.954,-75.12,3,underway,AR82,IFCB206,site_CP10CNSM,targetdepth_surface,
D20240404T122715_IFCB206,35.954,-75.12,3,underway,AR82,IFCB206,site_CP10CNSM,targetdepth_surface,
D20240404T125110_IFCB206,35.954,-75.12,3,underway,AR82,IFCB206,site_CP10CNSM,targetdepth_surface,
D20240404T131506_IFCB206,35.97,-75.088,3,underway,AR82,IFCB206,,targetdepth_surface,
D20240404T133900_IFCB206,36.014,-75.02,3,underway,AR82,IFCB206,,targetdepth_surface,
D20240404T140254_IFCB206,36.055,-74.956,3,underway,AR82,IFCB206,,targetdepth_surface,
D20240404T142649_IFCB206,36.108,-74.898,3,underway,AR82,IFCB206,,targetdepth_surface,
D20240404T145044_IFCB206,36.161,-74.842,3,underway,AR82,IFCB206,,targetdepth_surface,
D20240404T151439_IFCB206,36.172,-74.825,3,underway,AR82,IFCB206,site_CP11NOSM,targetdepth_surface,
D20240404T153834_IFCB206,36.171,-74.826,3,underway,AR82,IFCB206,site_CP11NOSM,targetdepth_surface,
D20240404T160228_IFCB206,36.176,-74.828,3,underway,AR82,IFCB206,site_CP11NOSM,targetdepth_surface,
D20240404T162624_IFCB206,36.209,-74.799,3,underway,AR82,IFCB206,,targetdepth_surface,
D20240404T165019_IFCB206,36.202,-74.804,3,underway,AR82,IFCB206,,targetdepth_surface,
D20240404T171413_IFCB206,36.198,-74.806,3,underway,AR82,IFCB206,,targetdepth_surface,
D20240404T173808_IFCB206,36.194,-74.809,3,underway,AR82,IFCB206,,targetdepth_surface,
D20240404T180203_IFCB206,36.187,-74.813,3,underway,AR82,IFCB206,site_CP11NOSM,targetdepth_surface,
D20240404T182558_IFCB206,36.181,-74.817,3,underway,AR82,IFCB206,site_CP11NOSM,targetdepth_surface,
D20240404T184952_IFCB206,36.174,-74.822,3,underway,AR82,IFCB206,site_CP11NOSM,targetdepth_surface,
D20240404T191346_IFCB206,36.174,-74.826,3,underway,AR82,IFCB206,site_CP11NOSM,targetdepth_surface,
D20240404T193740_IFCB206,36.175,-74.827,3,underway,AR82,IFCB206,site_CP11NOSM,targetdepth_surface,
D20240404T200135_IFCB206,36.175,-74.827,3,underway,AR82,IFCB206,site_CP11NOSM,targetdepth_surface,
D20240405T030735_IFCB206,36.177,-74.819,3,underway,AR82,IFCB206,site_CP11NOSM,targetdepth_surface,
D20240405T033129_IFCB206,36.177,-74.819,3,underway,AR82,IFCB206,site_CP11NOSM,targetdepth_surface,
D20240405T035523_IFCB206,36.177,-74.819,3,underway,AR82,IFCB206,site_CP11NOSM,targetdepth_surface,
D20240405T041919_IFCB206,36.177,-74.819,3,underway,AR82,IFCB206,site_CP11NOSM,targetdepth_surface,
D20240405T044314_IFCB206,36.177,-74.819,3,underway,AR82,IFCB206,site_CP11NOSM,targetdepth_surface,
D20240405T050708_IFCB206,36.177,-74.819,3,underway,AR82,IFCB206,site_CP11NOSM,targetdepth_surface,
D20240405T053103_IFCB206,36.177,-74.819,3,underway,AR82,IFCB206,site_CP11NOSM,targetdepth_surface,
D20240405T055459_IFCB206,36.177,-74.819,3,underway,AR82,IFCB206,site_CP11NOSM,targetdepth_surface,
D20240405T061854_IFCB206,36.177,-74.819,3,underway,AR82,IFCB206,site_CP11NOSM,targetdepth_surface,
D20240405T064249_IFCB206,36.177,-74.819,3,underway,AR82,IFCB206,site_CP11NOSM,targetdepth_surface,
D20240405T070644_IFCB206,36.178,-74.824,3,underway,AR82,IFCB206,site_CP11NOSM,targetdepth_surface,
D20240405T073039_IFCB206,36.112,-74.831,3,underway,AR82,IFCB206,,targetdepth_surface,
D20240405T075433_IFCB206,36.042,-74.836,3,underway,AR82,IFCB206,,targetdepth_surface,
D20240405T081828_IFCB206,35.974,-74.839,3,underway,AR82,IFCB206,,targetdepth_surface,
D20240405T084223_IFCB206,35.907,-74.842,3,underway,AR82,IFCB206,,targetdepth_surface,
D20240405T090618_IFCB206,35.842,-74.846,3,underway,AR82,IFCB206,site_CP14SEPM,targetdepth_surface,
D20240405T093012_IFCB206,35.781,-74.851,3,underway,AR82,IFCB206,,targetdepth_surface,
D20240405T095406_IFCB206,35.723,-74.851,3,underway,AR82,IFCB206,site_CP11SOSM,targetdepth_surface,
D20240405T101800_IFCB206,35.723,-74.852,3,underway,AR82,IFCB206,site_CP11SOSM,targetdepth_surface,
D20240405T104154_IFCB206,35.728,-74.857,3,underway,AR82,IFCB206,site_CP11SOSM,targetdepth_surface,
D20240405T110549_IFCB206,35.72,-74.844,3,underway,AR82,IFCB206,site_CP11SOSM,targetdepth_surface,
D20240405T112943_IFCB206,35.701,-74.823,3,underway,AR82,IFCB206,,targetdepth_surface,
D20240405T115338_IFCB206,35.712,-74.829,3,underway,AR82,IFCB206,,targetdepth_surface,
D20240405T121732_IFCB206,35.715,-74.832,3,underway,AR82,IFCB206,,targetdepth_surface,
D20240405T124127_IFCB206,35.717,-74.835,3,underway,AR82,IFCB206,site_CP11SOSM,targetdepth_surface,
D20240405T130521_IFCB206,35.721,-74.841,3,underway,AR82,IFCB206,site_CP11SOSM,targetdepth_surface,
D20240405T132915_IFCB206,35.725,-74.847,3,underway,AR82,IFCB206,site_CP11SOSM,targetdepth_surface,
D20240405T135309_IFCB206,35.73,-74.854,3,underway,AR82,IFCB206,site_CP11SOSM,targetdepth_surface,
D20240405T141704_IFCB206,35.723,-74.852,3,underway,AR82,IFCB206,site_CP11SOSM,targetdepth_surface,
D20240405T144058_IFCB206,35.725,-74.853,3,underway,AR82,IFCB206,site_CP11SOSM,targetdepth_surface,
D20240405T211720_IFCB206,35.896,-74.826,3,underway,AR82,IFCB206,,targetdepth_surface,
D20240405T214114_IFCB206,35.902,-74.826,3,underway,AR82,IFCB206,,targetdepth_surface,
D20240405T220508_IFCB206,35.854,-74.832,3,underway,AR82,IFCB206,site_CP14SEPM,targetdepth_surface,
D20240405T222903_IFCB206,35.784,-74.842,3,underway,AR82,IFCB206,,targetdepth_surface,
D20240405T225257_IFCB206,35.73,-74.849,3,underway,AR82,IFCB206,site_CP11SOSM,targetdepth_surface,
D20240405T231651_IFCB206,35.73,-74.849,3,underway,AR82,IFCB206,site_CP11SOSM,targetdepth_surface,
D20240405T234045_IFCB206,35.73,-74.849,3,underway,AR82,IFCB206,site_CP11SOSM,targetdepth_surface,
D20240406T000440_IFCB206,35.73,-74.849,3,underway,AR82,IFCB206,site_CP11SOSM,targetdepth_surface,
D20240406T002834_IFCB206,35.73,-74.849,3,underway,AR82,IFCB206,site_CP11SOSM,targetdepth_surface,
D20240406T005228_IFCB206,35.73,-74.849,3,underway,AR82,IFCB206,site_CP11SOSM,targetdepth_surface,
D20240406T011622_IFCB206,35.73,-74.849,3,underway,AR82,IFCB206,site_CP11SOSM,targetdepth_surface,
D20240406T014017_IFCB206,35.73,-74.849,3,underway,AR82,IFCB206,site_CP11SOSM,targetdepth_surface,
D20240406T020412_IFCB206,35.73,-74.849,3,underway,AR82,IFCB206,site_CP11SOSM,targetdepth_surface,
D20240406T022806_IFCB206,35.73,-74.849,3,underway,AR82,IFCB206,site_CP11SOSM,targetdepth_surface,
D20240406T025200_IFCB206,35.73,-74.849,3,underway,AR82,IFCB206,site_CP11SOSM,targetdepth_surface,
D20240406T031554_IFCB206,35.73,-74.849,3,underway,AR82,IFCB206,site_CP11SOSM,targetdepth_surface,
D20240406T033950_IFCB206,35.73,-74.849,3,underway,AR82,IFCB206,site_CP11SOSM,targetdepth_surface,
D20240406T040345_IFCB206,35.73,-74.849,3,underway,AR82,IFCB206,site_CP11SOSM,targetdepth_surface,
D20240406T042740_IFCB206,35.73,-74.849,3,underway,AR82,IFCB206,site_CP11SOSM,targetdepth_surface,
D20240406T045134_IFCB206,35.73,-74.849,3,underway,AR82,IFCB206,site_CP11SOSM,targetdepth_surface,
D20240406T051529_IFCB206,35.73,-74.849,3,underway,AR82,IFCB206,site_CP11SOSM,targetdepth_surface,
D20240406T053925_IFCB206,35.73,-74.849,3,underway,AR82,IFCB206,site_CP11SOSM,targetdepth_surface,
D20240406T060320_IFCB206,35.73,-74.849,3,underway,AR82,IFCB206,site_CP11SOSM,targetdepth_surface,
D20240406T062715_IFCB206,35.73,-74.849,3,underway,AR82,IFCB206,site_CP11SOSM,targetdepth_surface,
D20240406T065110_IFCB206,35.73,-74.849,3,underway,AR82,IFCB206,site_CP11SOSM,targetdepth_surface,
D20240406T071505_IFCB206,35.73,-74.849,3,underway,AR82,IFCB206,site_CP11SOSM,targetdepth_surface,
D20240406T073901_IFCB206,35.73,-74.849,3,underway,AR82,IFCB206,site_CP11SOSM,targetdepth_surface,
D20240406T080256_IFCB206,35.73,-74.849,3,underway,AR82,IFCB206,site_CP11SOSM,targetdepth_surface,
D20240406T082651_IFCB206,35.73,-74.849,3,underway,AR82,IFCB206,site_CP11SOSM,targetdepth_surface,
D20240406T085045_IFCB206,35.765,-74.859,3,underway,AR82,IFCB206,,targetdepth_surface,
D20240406T091439_IFCB206,35.812,-74.887,3,underway,AR82,IFCB206,,targetdepth_surface,
D20240406T093834_IFCB206,35.832,-74.957,3,underway,AR82,IFCB206,,targetdepth_surface,
D20240406T100229_IFCB206,35.851,-75.028,3,underway,AR82,IFCB206,,targetdepth_surface,
D20240406T102624_IFCB206,35.87,-75.095,3,underway,AR82,IFCB206,,targetdepth_surface,
D20240406T105018_IFCB206,35.889,-75.159,3,underway,AR82,IFCB206,,targetdepth_surface,
D20240406T111414_IFCB206,35.907,-75.227,3,underway,AR82,IFCB206,,targetdepth_surface,
D20240406T113808_IFCB206,35.926,-75.294,3,underway,AR82,IFCB206,,targetdepth_surface,
D20240406T120202_IFCB206,35.932,-75.313,3,underway,AR82,IFCB206,,targetdepth_surface,
D20240406T122557_IFCB206,35.931,-75.313,3,underway,AR82,IFCB206,,targetdepth_surface,
D20240406T124952_IFCB206,35.93,-75.313,3,underway,AR82,IFCB206,,targetdepth_surface,
D20240406T131346_IFCB206,35.935,-75.311,3,underway,AR82,IFCB206,,targetdepth_surface,
D20240406T133740_IFCB206,35.935,-75.311,3,underway,AR82,IFCB206,,targetdepth_surface,
D20240406T140134_IFCB206,35.941,-75.258,3,underway,AR82,IFCB206,,targetdepth_surface,
D20240406T142528_IFCB206,35.944,-75.217,3,underway,AR82,IFCB206,,targetdepth_surface,
D20240406T144923_IFCB206,35.94,-75.193,3,underway,AR82,IFCB206,,targetdepth_surface,
D20240406T151317_IFCB206,35.95,-75.186,3,underway,AR82,IFCB206,,targetdepth_surface,
D20240406T153712_IFCB206,35.996,-75.142,3,underway,AR82,IFCB206,,targetdepth_surface,
D20240406T160106_IFCB206,36.033,-75.085,3,underway,AR82,IFCB206,,targetdepth_surface,
D20240406T162501_IFCB206,36.071,-75.028,3,underway,AR82,IFCB206,,targetdepth_surface,
D20240406T164856_IFCB206,36.118,-74.996,3,underway,AR82,IFCB206,,targetdepth_surface,
D20240406T171250_IFCB206,36.168,-74.963,3,underway,AR82,IFCB206,,targetdepth_surface,
D20240406T173644_IFCB206,36.172,-74.969,3,underway,AR82,IFCB206,,targetdepth_surface,
D20240406T180038_IFCB206,36.172,-74.969,3,underway,AR82,IFCB206,,targetdepth_surface,
D20240406T182434_IFCB206,36.173,-74.97,3,underway,AR82,IFCB206,,targetdepth_surface,
D20240406T184828_IFCB206,36.17,-74.968,3,underway,AR82,IFCB206,,targetdepth_surface,
D20240406T191222_IFCB206,36.141,-74.962,3,underway,AR82,IFCB206,,targetdepth_surface,
D20240406T193617_IFCB206,36.108,-74.962,3,underway,AR82,IFCB206,,targetdepth_surface,
D20240406T200012_IFCB206,36.043,-74.932,3,underway,AR82,IFCB206,,targetdepth_surface,
D20240406T202407_IFCB206,35.977,-74.896,3,underway,AR82,IFCB206,,targetdepth_surface,
D20240406T204801_IFCB206,35.941,-74.874,3,underway,AR82,IFCB206,,targetdepth_surface,
D20240406T211155_IFCB206,35.941,-74.874,3,underway,AR82,IFCB206,,targetdepth_surface,
D20240406T213550_IFCB206,35.941,-74.861,3,underway,AR82,IFCB206,site_CP13EAPM,targetdepth_surface,
D20240406T215944_IFCB206,35.942,-74.828,3,underway,AR82,IFCB206,site_CP13EAPM,targetdepth_surface,
D20240406T222339_IFCB206,35.942,-74.794,3,underway,AR82,IFCB206,,targetdepth_surface,
D20240406T224733_IFCB206,35.943,-74.761,3,underway,AR82,IFCB206,,targetdepth_surface,
D20240406T231127_IFCB206,35.943,-74.76,3,underway,AR82,IFCB206,,targetdepth_surface,
D20240406T233522_IFCB206,35.943,-74.76,3,underway,AR82,IFCB206,,targetdepth_surface,
D20240406T235916_IFCB206,35.931,-74.761,3,underway,AR82,IFCB206,,targetdepth_surface,
D20240407T002310_IFCB206,35.93,-74.763,3,underway,AR82,IFCB206,,targetdepth_surface,
D20240407T004704_IFCB206,35.93,-74.764,3,underway,AR82,IFCB206,,targetdepth_surface,
D20240407T011059_IFCB206,35.937,-74.765,3,underway,AR82,IFCB206,,targetdepth_surface,
D20240407T013453_IFCB206,36.003,-74.76,3,underway,AR82,IFCB206,,targetdepth_surface,
D20240407T015847_IFCB206,35.961,-74.783,3,underway,AR82,IFCB206,,targetdepth_surface,
D20240407T022241_IFCB206,35.886,-74.809,3,underway,AR82,IFCB206,,targetdepth_surface,
D20240407T024635_IFCB206,35.814,-74.835,3,underway,AR82,IFCB206,,targetdepth_surface,
D20240407T031030_IFCB206,35.742,-74.862,3,underway,AR82,IFCB206,,targetdepth_surface,
D20240407T033424_IFCB206,35.727,-74.869,3,underway,AR82,IFCB206,site_CP11SOSM,targetdepth_surface,
D20240407T035818_IFCB206,35.728,-74.867,3,underway,AR82,IFCB206,site_CP11SOSM,targetdepth_surface,
D20240407T042212_IFCB206,35.728,-74.948,3,underway,AR82,IFCB206,,targetdepth_surface,
D20240407T044608_IFCB206,35.728,-74.962,3,underway,AR82,IFCB206,,targetdepth_surface,
D20240407T051002_IFCB206,35.728,-74.962,3,underway,AR82,IFCB206,,targetdepth_surface,
D20240407T053356_IFCB206,35.728,-74.962,3,underway,AR82,IFCB206,,targetdepth_surface,
D20240407T055750_IFCB206,35.729,-74.954,3,underway,AR82,IFCB206,,targetdepth_surface,
D20240407T062144_IFCB206,35.729,-74.905,3,underway,AR82,IFCB206,,targetdepth_surface,
D20240407T064539_IFCB206,35.728,-74.873,3,underway,AR82,IFCB206,site_CP11SOSM,targetdepth_surface,
D20240407T070933_IFCB206,35.728,-74.873,3,underway,AR82,IFCB206,site_CP11SOSM,targetdepth_surface,
D20240407T073327_IFCB206,35.728,-74.873,3,underway,AR82,IFCB206,site_CP11SOSM,targetdepth_surface,
D20240407T075721_IFCB206,35.728,-74.873,3,underway,AR82,IFCB206,site_CP11SOSM,targetdepth_surface,
D20240407T082115_IFCB206,35.751,-74.877,3,underway,AR82,IFCB206,,targetdepth_surface,
D20240407T084510_IFCB206,35.789,-74.88,3,underway,AR82,IFCB206,,targetdepth_surface,
D20240407T090904_IFCB206,35.827,-74.882,3,underway,AR82,IFCB206,,targetdepth_surface,
D20240407T093258_IFCB206,35.85,-74.884,3,underway,AR82,IFCB206,,targetdepth_surface,
D20240407T095652_IFCB206,35.85,-74.884,3,underway,AR82,IFCB206,,targetdepth_surface,
D20240407T102047_IFCB206,35.854,-74.882,3,underway,AR82,IFCB206,,targetdepth_surface,
D20240407T104441_IFCB206,35.892,-74.877,3,underway,AR82,IFCB206,,targetdepth_surface,
D20240407T110835_IFCB206,35.929,-74.871,3,underway,AR82,IFCB206,,targetdepth_surface,
D20240407T113229_IFCB206,35.95,-74.866,3,underway,AR82,IFCB206,site_CP13EAPM,targetdepth_surface,
D20240407T115623_IFCB206,35.95,-74.866,3,underway,AR82,IFCB206,site_CP13EAPM,targetdepth_surface,
D20240407T122018_IFCB206,35.95,-74.866,3,underway,AR82,IFCB206,site_CP13EAPM,targetdepth_surface,
D20240407T124412_IFCB206,35.974,-74.855,3,underway,AR82,IFCB206,,targetdepth_surface,
D20240407T130806_IFCB206,36.007,-74.852,3,underway,AR82,IFCB206,,targetdepth_surface,
D20240407T133200_IFCB206,36.024,-74.849,3,underway,AR82,IFCB206,,targetdepth_surface,
D20240407T135554_IFCB206,36.024,-74.849,3,underway,AR82,IFCB206,,targetdepth_surface,
D20240407T141949_IFCB206,36.04,-74.848,3,underway,AR82,IFCB206,,targetdepth_surface,
D20240407T144343_IFCB206,36.053,-74.847,3,underway,AR82,IFCB206,,targetdepth_surface,
D20240407T150737_IFCB206,36.085,-74.856,3,underway,AR82,IFCB206,,targetdepth_surface,
D20240407T153131_IFCB206,36.095,-74.856,3,underway,AR82,IFCB206,,targetdepth_surface,
D20240407T155526_IFCB206,36.106,-74.856,3,underway,AR82,IFCB206,,targetdepth_surface,
D20240407T161920_IFCB206,36.132,-74.854,3,underway,AR82,IFCB206,,targetdepth_surface,
D20240407T164314_IFCB206,36.16,-74.852,3,underway,AR82,IFCB206,,targetdepth_surface,
D20240407T170708_IFCB206,36.175,-74.85,3,underway,AR82,IFCB206,,targetdepth_surface,
D20240407T173103_IFCB206,36.175,-74.85,3,underway,AR82,IFCB206,,targetdepth_surface,
D20240407T175457_IFCB206,36.172,-74.849,3,underway,AR82,IFCB206,,targetdepth_surface,
D20240407T181851_IFCB206,36.172,-74.849,3,underway,AR82,IFCB206,,targetdepth_surface,
D20240407T184245_IFCB206,36.164,-74.852,3,underway,AR82,IFCB206,,targetdepth_surface,
D20240407T190639_IFCB206,36.121,-74.907,3,underway,AR82,IFCB206,,targetdepth_surface,
D20240407T193034_IFCB206,36.055,-74.955,3,underway,AR82,IFCB206,,targetdepth_surface,
D20240407T195428_IFCB206,36.004,-75.029,3,underway,AR82,IFCB206,,targetdepth_surface,
D20240407T201822_IFCB206,35.953,-75.103,3,underway,AR82,IFCB206,,targetdepth_surface,
D20240407T204216_IFCB206,35.95,-75.125,3,underway,AR82,IFCB206,site_CP10CNSM,targetdepth_surface,
D20240407T210610_IFCB206,35.946,-75.117,3,underway,AR82,IFCB206,site_CP10CNSM,targetdepth_surface,
D20240407T213005_IFCB206,35.946,-75.117,3,underway,AR82,IFCB206,site_CP10CNSM,targetdepth_surface,
D20240407T215359_IFCB206,35.946,-75.117,3,underway,AR82,IFCB206,site_CP10CNSM,targetdepth_surface,
D20240407T221753_IFCB206,35.946,-75.117,3,underway,AR82,IFCB206,site_CP10CNSM,targetdepth_surface,
D20240407T224147_IFCB206,35.946,-75.117,3,underway,AR82,IFCB206,site_CP10CNSM,targetdepth_surface,
D20240407T230542_IFCB206,35.946,-75.117,3,underway,AR82,IFCB206,site_CP10CNSM,targetdepth_surface,
D20240407T232936_IFCB206,35.946,-75.117,3,underway,AR82,IFCB206,site_CP10CNSM,targetdepth_surface,
D20240407T235330_IFCB206,35.946,-75.117,3,underway,AR82,IFCB206,site_CP10CNSM,targetdepth_surface,
D20240408T001724_IFCB206,35.946,-75.117,3,underway,AR82,IFCB206,site_CP10CNSM,targetdepth_surface,
D20240408T004119_IFCB206,35.946,-75.117,3,underway,AR82,IFCB206,site_CP10CNSM,targetdepth_surface,
D20240408T010513_IFCB206,35.946,-75.117,3,underway,AR82,IFCB206,site_CP10CNSM,targetdepth_surface,
D20240408T012907_IFCB206,35.946,-75.117,3,underway,AR82,IFCB206,site_CP10CNSM,targetdepth_surface,
D20240408T015302_IFCB206,35.946,-75.117,3,underway,AR82,IFCB206,site_CP10CNSM,targetdepth_surface,
D20240408T021656_IFCB206,35.946,-75.117,3,underway,AR82,IFCB206,site_CP10CNSM,targetdepth_surface,
D20240408T024051_IFCB206,35.946,-75.117,3,underway,AR82,IFCB206,site_CP10CNSM,targetdepth_surface,
D20240408T030446_IFCB206,35.946,-75.117,3,underway,AR82,IFCB206,site_CP10CNSM,targetdepth_surface,
D20240408T032840_IFCB206,35.946,-75.117,3,underway,AR82,IFCB206,site_CP10CNSM,targetdepth_surface,
D20240408T035235_IFCB206,35.946,-75.117,3,underway,AR82,IFCB206,site_CP10CNSM,targetdepth_surface,
D20240408T041629_IFCB206,35.946,-75.117,3,underway,AR82,IFCB206,site_CP10CNSM,targetdepth_surface,
D20240408T044025_IFCB206,35.946,-75.117,3,underway,AR82,IFCB206,site_CP10CNSM,targetdepth_surface,
D20240408T050420_IFCB206,35.946,-75.117,3,underway,AR82,IFCB206,site_CP10CNSM,targetdepth_surface,
D20240408T052814_IFCB206,35.946,-75.117,3,underway,AR82,IFCB206,site_CP10CNSM,targetdepth_surface,
D20240408T055208_IFCB206,35.946,-75.117,3,underway,AR82,IFCB206,site_CP10CNSM,targetdepth_surface,
D20240408T061604_IFCB206,35.946,-75.117,3,underway,AR82,IFCB206,site_CP10CNSM,targetdepth_surface,
D20240408T063958_IFCB206,35.946,-75.117,3,underway,AR82,IFCB206,site_CP10CNSM,targetdepth_surface,
D20240408T070352_IFCB206,35.946,-75.117,3,underway,AR82,IFCB206,site_CP10CNSM,targetdepth_surface,
D20240408T072746_IFCB206,35.946,-75.117,3,underway,AR82,IFCB206,site_CP10CNSM,targetdepth_surface,
D20240408T075142_IFCB206,35.946,-75.117,3,underway,AR82,IFCB206,site_CP10CNSM,targetdepth_surface,
D20240408T081536_IFCB206,35.946,-75.117,3,underway,AR82,IFCB206,site_CP10CNSM,targetdepth_surface,
D20240408T083930_IFCB206,35.967,-75.05,3,underway,AR82,IFCB206,,targetdepth_surface,
D20240408T090324_IFCB206,35.992,-74.972,3,underway,AR82,IFCB206,,targetdepth_surface,
D20240408T092720_IFCB206,36.016,-74.893,3,underway,AR82,IFCB206,,targetdepth_surface,
D20240408T095114_IFCB206,36.042,-74.813,3,underway,AR82,IFCB206,,targetdepth_surface,
D20240408T101508_IFCB206,36.055,-74.78,3,underway,AR82,IFCB206,site_CP14NEPM,targetdepth_surface,
D20240408T103902_IFCB206,36.052,-74.777,3,underway,AR82,IFCB206,site_CP14NEPM,targetdepth_surface,
D20240408T110256_IFCB206,36.051,-74.776,3,underway,AR82,IFCB206,site_CP14NEPM,targetdepth_surface,
D20240408T112651_IFCB206,36.051,-74.776,3,underway,AR82,IFCB206,site_CP14NEPM,targetdepth_surface,
D20240408T115045_IFCB206,36.051,-74.777,3,underway,AR82,IFCB206,site_CP14NEPM,targetdepth_surface,
D20240408T121439_IFCB206,36.051,-74.777,3,underway,AR82,IFCB206,site_CP14NEPM,targetdepth_surface,
D20240408T123833_IFCB206,36.037,-74.763,3,underway,AR82,IFCB206,,targetdepth_surface,
D20240408T130228_IFCB206,36.04,-74.765,3,underway,AR82,IFCB206,site_CP14NEPM,targetdepth_surface,
D20240408T132622_IFCB206,36.045,-74.768,3,underway,AR82,IFCB206,site_CP14NEPM,targetdepth_surface,
D20240408T133627_IFCB206,36.047,-74.77,3,underway,AR82,IFCB206,site_CP14NEPM,targetdepth_surface,
D20240408T140022_IFCB206,36.053,-74.774,3,underway,AR82,IFCB206,site_CP14NEPM,targetdepth_surface,
D20240408T142416_IFCB206,36.059,-74.778,3,underway,AR82,IFCB206,site_CP14NEPM,targetdepth_surface,
D20240408T144810_IFCB206,36.061,-74.782,3,underway,AR82,IFCB206,site_CP14NEPM,targetdepth_surface,
D20240408T151204_IFCB206,36.054,-74.776,3,underway,AR82,IFCB206,site_CP14NEPM,targetdepth_surface,
D20240408T153559_IFCB206,36.054,-74.778,3,underway,AR82,IFCB206,site_CP14NEPM,targetdepth_surface,
D20240408T155953_IFCB206,36.054,-74.778,3,underway,AR82,IFCB206,site_CP14NEPM,targetdepth_surface,
D20240408T162347_IFCB206,36.038,-74.774,3,underway,AR82,IFCB206,site_CP14NEPM,targetdepth_surface,
D20240408T231120_IFCB206,36.078,-74.728,3,underway,AR82,IFCB206,,targetdepth_surface,
D20240408T233514_IFCB206,36.126,-74.663,3,underway,AR82,IFCB206,,targetdepth_surface,
D20240408T235908_IFCB206,36.189,-74.616,3,underway,AR82,IFCB206,,targetdepth_surface,
D20240409T002302_IFCB206,36.251,-74.57,3,underway,AR82,IFCB206,,targetdepth_surface,
D20240409T004656_IFCB206,36.31,-74.526,3,underway,AR82,IFCB206,,targetdepth_surface,
D20240409T011050_IFCB206,36.372,-74.48,3,underway,AR82,IFCB206,,targetdepth_surface,
D20240409T013445_IFCB206,36.434,-74.437,3,underway,AR82,IFCB206,,targetdepth_surface,
D20240409T015839_IFCB206,36.499,-74.395,3,underway,AR82,IFCB206,,targetdepth_surface,
D20240409T022233_IFCB206,36.565,-74.351,3,underway,AR82,IFCB206,,targetdepth_surface,
D20240409T024628_IFCB206,36.633,-74.307,3,underway,AR82,IFCB206,,targetdepth_surface,
D20240409T032702_IFCB206,36.749,-74.228,3,underway,AR82,IFCB206,,targetdepth_surface,
D20240409T035056_IFCB206,36.814,-74.182,3,underway,AR82,IFCB206,,targetdepth_surface,
D20240409T041450_IFCB206,36.88,-74.13,3,underway,AR82,IFCB206,,targetdepth_surface,
D20240409T043844_IFCB206,36.948,-74.08,3,underway,AR82,IFCB206,,targetdepth_surface,
D20240409T050239_IFCB206,37.016,-74.035,3,underway,AR82,IFCB206,,targetdepth_surface,
D20240409T052633_IFCB206,37.083,-73.989,3,underway,AR82,IFCB206,,targetdepth_surface,
D20240409T055028_IFCB206,37.148,-73.943,3,underway,AR82,IFCB206,,targetdepth_surface,
D20240409T061423_IFCB206,37.212,-73.895,3,underway,AR82,IFCB206,,targetdepth_surface,
D20240409T063817_IFCB206,37.272,-73.849,3,underway,AR82,IFCB206,,targetdepth_surface,
D20240409T070212_IFCB206,37.333,-73.807,3,underway,AR82,IFCB206,,targetdepth_surface,
D20240409T072607_IFCB206,37.394,-73.768,3,underway,AR82,IFCB206,,targetdepth_surface,
D20240409T075001_IFCB206,37.454,-73.729,3,underway,AR82,IFCB206,,targetdepth_surface,
D20240409T081355_IFCB206,37.511,-73.69,3,underway,AR82,IFCB206,,targetdepth_surface,
D20240409T083749_IFCB206,37.57,-73.651,3,underway,AR82,IFCB206,,targetdepth_surface,
D20240409T090144_IFCB206,37.629,-73.61,3,underway,AR82,IFCB206,,targetdepth_surface,
D20240409T092538_IFCB206,37.688,-73.568,3,underway,AR82,IFCB206,,targetdepth_surface,
D20240409T094932_IFCB206,37.746,-73.525,3,underway,AR82,IFCB206,,targetdepth_surface,
D20240409T101326_IFCB206,37.806,-73.486,3,underway,AR82,IFCB206,,targetdepth_surface,
D20240409T103720_IFCB206,37.867,-73.446,3,underway,AR82,IFCB206,,targetdepth_surface,
D20240409T110115_IFCB206,37.93,-73.404,3,underway,AR82,IFCB206,,targetdepth_surface,
D20240409T112509_IFCB206,37.994,-73.357,3,underway,AR82,IFCB206,,targetdepth_surface,
D20240409T114903_IFCB206,38.057,-73.311,3,underway,AR82,IFCB206,,targetdepth_surface,
D20240409T121257_IFCB206,38.116,-73.269,3,underway,AR82,IFCB206,,targetdepth_surface,
D20240409T123652_IFCB206,38.179,-73.224,3,underway,AR82,IFCB206,,targetdepth_surface,
D20240409T130046_IFCB206,38.25,-73.207,3,underway,AR82,IFCB206,,targetdepth_surface,
D20240409T132440_IFCB206,38.317,-73.17,3,underway,AR82,IFCB206,,targetdepth_surface,
D20240409T134834_IFCB206,38.368,-73.108,3,underway,AR82,IFCB206,,targetdepth_surface,
D20240409T141228_IFCB206,38.414,-73.034,3,underway,AR82,IFCB206,,targetdepth_surface,
D20240409T143623_IFCB206,38.459,-72.96,3,underway,AR82,IFCB206,,targetdepth_surface,
D20240409T151656_IFCB206,38.535,-72.838,3,underway,AR82,IFCB206,,targetdepth_surface,
D20240409T154050_IFCB206,38.581,-72.769,3,underway,AR82,IFCB206,,targetdepth_surface,
D20240409T160444_IFCB206,38.625,-72.7,3,underway,AR82,IFCB206,,targetdepth_surface,
D20240409T162838_IFCB206,38.668,-72.63,3,underway,AR82,IFCB206,,targetdepth_surface,
D20240409T165232_IFCB206,38.713,-72.564,3,underway,AR82,IFCB206,,targetdepth_surface,
D20240409T171627_IFCB206,38.753,-72.491,3,underway,AR82,IFCB206,,targetdepth_surface,
D20240409T174021_IFCB206,38.792,-72.42,3,underway,AR82,IFCB206,,targetdepth_surface,
D20240409T180415_IFCB206,38.831,-72.348,3,underway,AR82,IFCB206,,targetdepth_surface,
D20240409T182809_IFCB206,38.877,-72.284,3,underway,AR82,IFCB206,,targetdepth_surface,
D20240409T185204_IFCB206,38.923,-72.219,3,underway,AR82,IFCB206,,targetdepth_surface,
D20240409T191558_IFCB206,38.967,-72.155,3,underway,AR82,IFCB206,,targetdepth_surface,
D20240409T193952_IFCB206,39.012,-72.088,3,underway,AR82,IFCB206,,targetdepth_surface,
D20240409T200346_IFCB206,39.056,-72.018,3,underway,AR82,IFCB206,,targetdepth_surface,
D20240409T202740_IFCB206,39.1,-71.947,3,underway,AR82,IFCB206,,targetdepth_surface,
D20240409T205135_IFCB206,39.146,-71.876,3,underway,AR82,IFCB206,,targetdepth_surface,
D20240409T211529_IFCB206,39.192,-71.804,3,underway,AR82,IFCB206,,targetdepth_surface,
D20240409T213923_IFCB206,39.237,-71.732,3,underway,AR82,IFCB206,,targetdepth_surface,
D20240409T220317_IFCB206,39.283,-71.659,3,underway,AR82,IFCB206,,targetdepth_surface,
D20240409T222711_IFCB206,39.331,-71.587,3,underway,AR82,IFCB206,,targetdepth_surface,
D20240409T225106_IFCB206,39.377,-71.514,3,underway,AR82,IFCB206,,targetdepth_surface,
D20240409T231500_IFCB206,39.424,-71.442,3,underway,AR82,IFCB206,,targetdepth_surface,
D20240409T233854_IFCB206,39.468,-71.372,3,underway,AR82,IFCB206,,targetdepth_surface,
D20240410T000249_IFCB206,39.514,-71.301,3,underway,AR82,IFCB206,,targetdepth_surface,
D20240410T002645_IFCB206,39.558,-71.228,3,underway,AR82,IFCB206,,targetdepth_surface,
D20240410T005039_IFCB206,39.604,-71.158,3,underway,AR82,IFCB206,,targetdepth_surface,
D20240410T011434_IFCB206,39.65,-71.09,3,underway,AR82,IFCB206,,targetdepth_surface,
D20240410T013828_IFCB206,39.695,-71.019,3,underway,AR82,IFCB206,,targetdepth_surface,
D20240410T020222_IFCB206,39.74,-70.946,3,underway,AR82,IFCB206,,targetdepth_surface,
D20240410T022617_IFCB206,39.787,-70.882,3,underway,AR82,IFCB206,,targetdepth_surface,
D20240410T030651_IFCB206,39.907,-70.883,3,underway,AR82,IFCB206,,targetdepth_surface,
D20240410T033045_IFCB206,39.976,-70.882,3,underway,AR82,IFCB206,,targetdepth_surface,
D20240410T035440_IFCB206,40.044,-70.883,3,underway,AR82,IFCB206,,targetdepth_surface,
D20240410T041834_IFCB206,40.113,-70.884,3,underway,AR82,IFCB206,,targetdepth_surface,
D20240410T044229_IFCB206,40.183,-70.885,3,underway,AR82,IFCB206,,targetdepth_surface,
D20240410T050623_IFCB206,40.255,-70.884,3,underway,AR82,IFCB206,,targetdepth_surface,
D20240410T053017_IFCB206,40.329,-70.881,3,underway,AR82,IFCB206,,targetdepth_surface,
D20240410T055411_IFCB206,40.402,-70.88,3,underway,AR82,IFCB206,,targetdepth_surface,
D20240410T061805_IFCB206,40.474,-70.88,3,underway,AR82,IFCB206,,targetdepth_surface,
D20240410T064159_IFCB206,40.544,-70.881,3,underway,AR82,IFCB206,,targetdepth_surface,
D20240410T070554_IFCB206,40.617,-70.883,3,underway,AR82,IFCB206,,targetdepth_surface,
D20240410T072948_IFCB206,40.69,-70.885,3,underway,AR82,IFCB206,,targetdepth_surface,
D20240410T075342_IFCB206,40.763,-70.887,3,underway,AR82,IFCB206,,targetdepth_surface,
D20240410T081736_IFCB206,40.835,-70.887,3,underway,AR82,IFCB206,,targetdepth_surface,
D20240410T084131_IFCB206,40.904,-70.887,3,underway,AR82,IFCB206,,targetdepth_surface,
D20240410T090525_IFCB206,40.971,-70.886,3,underway,AR82,IFCB206,,targetdepth_surface,
D20240410T092919_IFCB206,41.038,-70.885,3,underway,AR82,IFCB206,,targetdepth_surface,
D20240410T095313_IFCB206,41.106,-70.883,3,underway,AR82,IFCB206,,targetdepth_surface,
D20240410T101707_IFCB206,41.174,-70.886,3,underway,AR82,IFCB206,,targetdepth_surface,
D20240413T105543_IFCB206,41.259,-71.167,3,underway,AR82,IFCB206,,targetdepth_surface,
D20240413T111939_IFCB206,41.233,-71.242,3,underway,AR82,IFCB206,,targetdepth_surface,
D20240413T114333_IFCB206,41.193,-71.308,3,underway,AR82,IFCB206,,targetdepth_surface,
D20240413T120728_IFCB206,41.151,-71.37,3,underway,AR82,IFCB206,,targetdepth_surface,
D20240413T123122_IFCB206,41.104,-71.428,3,underway,AR82,IFCB206,,targetdepth_surface,
D20240413T125516_IFCB206,41.056,-71.483,3,underway,AR82,IFCB206,,targetdepth_surface,
D20240413T131912_IFCB206,41.009,-71.536,3,underway,AR82,IFCB206,,targetdepth_surface,
D20240413T134307_IFCB206,40.962,-71.584,3,underway,AR82,IFCB206,,targetdepth_surface,
D20240413T140701_IFCB206,40.916,-71.633,3,underway,AR82,IFCB206,,targetdepth_surface,
D20240413T143055_IFCB206,40.873,-71.681,3,underway,AR82,IFCB206,,targetdepth_surface,
D20240413T151129_IFCB206,40.794,-71.763,3,underway,AR82,IFCB206,,targetdepth_surface,
D20240413T153524_IFCB206,40.747,-71.811,3,underway,AR82,IFCB206,,targetdepth_surface,
D20240413T155918_IFCB206,40.702,-71.856,3,underway,AR82,IFCB206,,targetdepth_surface,
D20240413T162312_IFCB206,40.658,-71.904,3,underway,AR82,IFCB206,,targetdepth_surface,
D20240413T164707_IFCB206,40.618,-71.946,3,underway,AR82,IFCB206,,targetdepth_surface,
D20240413T171101_IFCB206,40.58,-71.985,3,underway,AR82,IFCB206,,targetdepth_surface,
D20240413T173456_IFCB206,40.547,-72.014,3,underway,AR82,IFCB206,,targetdepth_surface,
D20240413T175851_IFCB206,40.523,-72.054,3,underway,AR82,IFCB206,,targetdepth_surface,
D20240413T182246_IFCB206,40.499,-72.094,3,underway,AR82,IFCB206,,targetdepth_surface,
D20240413T184641_IFCB206,40.471,-72.141,3,underway,AR82,IFCB206,,targetdepth_surface,
D20240413T191037_IFCB206,40.443,-72.187,3,underway,AR82,IFCB206,,targetdepth_surface,
D20240413T193432_IFCB206,40.414,-72.236,3,underway,AR82,IFCB206,,targetdepth_surface,
D20240413T195827_IFCB206,40.384,-72.289,3,underway,AR82,IFCB206,,targetdepth_surface,
D20240413T202222_IFCB206,40.351,-72.347,3,underway,AR82,IFCB206,,targetdepth_surface,
D20240413T204617_IFCB206,40.32,-72.394,3,underway,AR82,IFCB206,,targetdepth_surface,
D20240413T211012_IFCB206,40.292,-72.437,3,underway,AR82,IFCB206,,targetdepth_surface,
D20240413T213407_IFCB206,40.256,-72.496,3,underway,AR82,IFCB206,,targetdepth_surface,
D20240413T215802_IFCB206,40.215,-72.552,3,underway,AR82,IFCB206,,targetdepth_surface,
D20240413T222157_IFCB206,40.176,-72.608,3,underway,AR82,IFCB206,,targetdepth_surface,
D20240413T224552_IFCB206,40.135,-72.666,3,underway,AR82,IFCB206,,targetdepth_surface,
D20240413T230946_IFCB206,40.09,-72.723,3,underway,AR82,IFCB206,,targetdepth_surface,
D20240413T233341_IFCB206,40.045,-72.781,3,underway,AR82,IFCB206,,targetdepth_surface,
D20240413T235735_IFCB206,40.0,-72.842,3,underway,AR82,IFCB206,,targetdepth_surface,
D20240414T002130_IFCB206,39.955,-72.904,3,underway,AR82,IFCB206,,targetdepth_surface,
D20240414T004525_IFCB206,39.912,-72.97,3,underway,AR82,IFCB206,,targetdepth_surface,
D20240414T010919_IFCB206,39.87,-73.039,3,underway,AR82,IFCB206,,targetdepth_surface,
D20240414T013313_IFCB206,39.818,-73.091,3,underway,AR82,IFCB206,,targetdepth_surface,
D20240414T015708_IFCB206,39.764,-73.143,3,underway,AR82,IFCB206,,targetdepth_surface,
D20240414T022103_IFCB206,39.71,-73.192,3,underway,AR82,IFCB206,,targetdepth_surface,
D20240414T030136_IFCB206,39.624,-73.284,3,underway,AR82,IFCB206,,targetdepth_surface,
D20240414T032531_IFCB206,39.566,-73.322,3,underway,AR82,IFCB206,,targetdepth_surface,
D20240414T034926_IFCB206,39.505,-73.354,3,underway,AR82,IFCB206,,targetdepth_surface,
D20240414T041320_IFCB206,39.447,-73.396,3,underway,AR82,IFCB206,,targetdepth_surface,
D20240414T043715_IFCB206,39.392,-73.443,3,underway,AR82,IFCB206,,targetdepth_surface,
D20240414T050110_IFCB206,39.344,-73.502,3,underway,AR82,IFCB206,,targetdepth_surface,
D20240414T052505_IFCB206,39.294,-73.56,3,underway,AR82,IFCB206,,targetdepth_surface,
D20240414T054859_IFCB206,39.245,-73.617,3,underway,AR82,IFCB206,,targetdepth_surface,
D20240414T061255_IFCB206,39.194,-73.675,3,underway,AR82,IFCB206,,targetdepth_surface,
D20240414T063649_IFCB206,39.137,-73.724,3,underway,AR82,IFCB206,,targetdepth_surface,
D20240414T070044_IFCB206,39.077,-73.767,3,underway,AR82,IFCB206,,targetdepth_surface,
D20240414T072438_IFCB206,39.012,-73.813,3,underway,AR82,IFCB206,,targetdepth_surface,
D20240414T074833_IFCB206,38.943,-73.861,3,underway,AR82,IFCB206,,targetdepth_surface,
D20240414T081227_IFCB206,38.873,-73.906,3,underway,AR82,IFCB206,,targetdepth_surface,
D20240414T083621_IFCB206,38.804,-73.951,3,underway,AR82,IFCB206,,targetdepth_surface,
D20240414T090015_IFCB206,38.73,-73.988,3,underway,AR82,IFCB206,,targetdepth_surface,
D20240414T092409_IFCB206,38.656,-74.026,3,underway,AR82,IFCB206,,targetdepth_surface,
D20240414T094804_IFCB206,38.583,-74.066,3,underway,AR82,IFCB206,,targetdepth_surface,
D20240414T101158_IFCB206,38.514,-74.105,3,underway,AR82,IFCB206,,targetdepth_surface,
D20240414T103552_IFCB206,38.441,-74.146,3,underway,AR82,IFCB206,,targetdepth_surface,
D20240414T105946_IFCB206,38.368,-74.189,3,underway,AR82,IFCB206,,targetdepth_surface,
D20240414T112341_IFCB206,38.296,-74.237,3,underway,AR82,IFCB206,,targetdepth_surface,
D20240414T114735_IFCB206,38.226,-74.286,3,underway,AR82,IFCB206,,targetdepth_surface,
D20240414T121129_IFCB206,38.155,-74.334,3,underway,AR82,IFCB206,,targetdepth_surface,
D20240414T123523_IFCB206,38.085,-74.383,3,underway,AR82,IFCB206,,targetdepth_surface,
D20240414T125917_IFCB206,38.015,-74.434,3,underway,AR82,IFCB206,,targetdepth_surface,
D20240414T132312_IFCB206,37.945,-74.484,3,underway,AR82,IFCB206,,targetdepth_surface,
D20240414T134706_IFCB206,37.876,-74.534,3,underway,AR82,IFCB206,,targetdepth_surface,
D20240414T141100_IFCB206,37.807,-74.584,3,underway,AR82,IFCB206,,targetdepth_surface,
D20240414T145133_IFCB206,37.692,-74.667,3,underway,AR82,IFCB206,,targetdepth_surface,
D20240414T151527_IFCB206,37.626,-74.72,3,underway,AR82,IFCB206,,targetdepth_surface,
D20240414T153921_IFCB206,37.56,-74.77,3,underway,AR82,IFCB206,,targetdepth_surface,
D20240414T160316_IFCB206,37.486,-74.79,3,underway,AR82,IFCB206,,targetdepth_surface,
D20240414T162710_IFCB206,37.411,-74.809,3,underway,AR82,IFCB206,,targetdepth_surface,
D20240414T165104_IFCB206,37.338,-74.826,3,underway,AR82,IFCB206,,targetdepth_surface,
D20240414T171458_IFCB206,37.268,-74.843,3,underway,AR82,IFCB206,,targetdepth_surface,
D20240414T173853_IFCB206,37.195,-74.864,3,underway,AR82,IFCB206,,targetdepth_surface,
D20240414T180247_IFCB206,37.12,-74.885,3,underway,AR82,IFCB206,,targetdepth_surface,
D20240414T182641_IFCB206,37.046,-74.906,3,underway,AR82,IFCB206,,targetdepth_surface,
D20240414T185035_IFCB206,36.973,-74.927,3,underway,AR82,IFCB206,,targetdepth_surface,
D20240414T191429_IFCB206,36.899,-74.937,3,underway,AR82,IFCB206,,targetdepth_surface,
D20240414T193824_IFCB206,36.824,-74.936,3,underway,AR82,IFCB206,,targetdepth_surface,
D20240414T200218_IFCB206,36.748,-74.935,3,underway,AR82,IFCB206,,targetdepth_surface,
D20240414T202612_IFCB206,36.673,-74.934,3,underway,AR82,IFCB206,,targetdepth_surface,
D20240414T205006_IFCB206,36.597,-74.932,3,underway,AR82,IFCB206,,targetdepth_surface,
D20240414T211401_IFCB206,36.524,-74.951,3,underway,AR82,IFCB206,,targetdepth_surface,
D20240414T213755_IFCB206,36.453,-74.973,3,underway,AR82,IFCB206,,targetdepth_surface,
D20240414T220149_IFCB206,36.382,-74.997,3,underway,AR82,IFCB206,,targetdepth_surface,
D20240414T222543_IFCB206,36.31,-75.016,3,underway,AR82,IFCB206,,targetdepth_surface,
D20240414T224938_IFCB206,36.239,-75.036,3,underway,AR82,IFCB206,,targetdepth_surface,
D20240414T231332_IFCB206,36.168,-75.058,3,underway,AR82,IFCB206,,targetdepth_surface,
D20240414T233726_IFCB206,36.097,-75.08,3,underway,AR82,IFCB206,,targetdepth_surface,
D20240415T000120_IFCB206,36.026,-75.1,3,underway,AR82,IFCB206,,targetdepth_surface,
D20240415T002515_IFCB206,35.957,-75.121,3,underway,AR82,IFCB206,site_CP10CNSM,targetdepth_surface,
D20240415T004909_IFCB206,35.953,-75.122,3,underway,AR82,IFCB206,site_CP10CNSM,targetdepth_surface,
D20240415T011304_IFCB206,35.953,-75.122,3,underway,AR82,IFCB206,site_CP10CNSM,targetdepth_surface,
D20240415T013658_IFCB206,35.953,-75.122,3,underway,AR82,IFCB206,site_CP10CNSM,targetdepth_surface,
D20240415T020053_IFCB206,35.953,-75.122,3,underway,AR82,IFCB206,site_CP10CNSM,targetdepth_surface,
D20240415T024126_IFCB206,35.953,-75.122,3,underway,AR82,IFCB206,site_CP10CNSM,targetdepth_surface,
D20240415T030521_IFCB206,35.953,-75.122,3,underway,AR82,IFCB206,site_CP10CNSM,targetdepth_surface,
D20240415T032915_IFCB206,35.953,-75.122,3,underway,AR82,IFCB206,site_CP10CNSM,targetdepth_surface,
D20240415T035309_IFCB206,35.953,-75.122,3,underway,AR82,IFCB206,site_CP10CNSM,targetdepth_surface,
D20240415T041703_IFCB206,35.953,-75.122,3,underway,AR82,IFCB206,site_CP10CNSM,targetdepth_surface,
D20240415T044058_IFCB206,35.953,-75.122,3,underway,AR82,IFCB206,site_CP10CNSM,targetdepth_surface,
D20240415T050452_IFCB206,35.953,-75.122,3,underway,AR82,IFCB206,site_CP10CNSM,targetdepth_surface,
D20240415T052846_IFCB206,35.953,-75.122,3,underway,AR82,IFCB206,site_CP10CNSM,targetdepth_surface,
D20240415T055241_IFCB206,35.953,-75.122,3,underway,AR82,IFCB206,site_CP10CNSM,targetdepth_surface,
D20240415T061635_IFCB206,35.953,-75.122,3,underway,AR82,IFCB206,site_CP10CNSM,targetdepth_surface,
D20240415T064029_IFCB206,35.953,-75.122,3,underway,AR82,IFCB206,site_CP10CNSM,targetdepth_surface,
D20240415T070423_IFCB206,35.953,-75.122,3,underway,AR82,IFCB206,site_CP10CNSM,targetdepth_surface,
D20240415T072818_IFCB206,35.953,-75.122,3,underway,AR82,IFCB206,site_CP10CNSM,targetdepth_surface,
D20240415T075212_IFCB206,35.953,-75.122,3,underway,AR82,IFCB206,site_CP10CNSM,targetdepth_surface,
D20240415T081606_IFCB206,35.953,-75.122,3,underway,AR82,IFCB206,site_CP10CNSM,targetdepth_surface,
D20240415T084000_IFCB206,35.953,-75.122,3,underway,AR82,IFCB206,site_CP10CNSM,targetdepth_surface,
D20240415T090355_IFCB206,35.953,-75.126,3,underway,AR82,IFCB206,site_CP10CNSM,targetdepth_surface,
D20240415T092749_IFCB206,35.955,-75.203,3,underway,AR82,IFCB206,,targetdepth_surface,
D20240415T095144_IFCB206,35.956,-75.281,3,underway,AR82,IFCB206,,targetdepth_surface,
D20240415T101538_IFCB206,35.951,-75.332,3,underway,AR82,IFCB206,site_CP12WESW,targetdepth_surface,
D20240415T103934_IFCB206,35.958,-75.327,3,underway,AR82,IFCB206,site_CP12WESW,targetdepth_surface,
D20240415T110328_IFCB206,35.958,-75.328,3,underway,AR82,IFCB206,site_CP12WESW,targetdepth_surface,
D20240415T112723_IFCB206,35.956,-75.331,3,underway,AR82,IFCB206,site_CP12WESW,targetdepth_surface,
D20240415T115118_IFCB206,35.956,-75.332,3,underway,AR82,IFCB206,site_CP12WESW,targetdepth_surface,
D20240415T121513_IFCB206,35.956,-75.332,3,underway,AR82,IFCB206,site_CP12WESW,targetdepth_surface,
D20240415T123908_IFCB206,35.956,-75.332,3,underway,AR82,IFCB206,site_CP12WESW,targetdepth_surface,
D20240415T130303_IFCB206,35.956,-75.332,3,underway,AR82,IFCB206,site_CP12WESW,targetdepth_surface,
D20240415T132659_IFCB206,35.956,-75.332,3,underway,AR82,IFCB206,site_CP12WESW,targetdepth_surface,
D20240415T135054_IFCB206,35.955,-75.332,3,underway,AR82,IFCB206,site_CP12WESW,targetdepth_surface,
D20240415T143129_IFCB206,35.954,-75.334,3,underway,AR82,IFCB206,site_CP12WESW,targetdepth_surface,
D20240415T145523_IFCB206,35.953,-75.336,3,underway,AR82,IFCB206,site_CP12WESW,targetdepth_surface,
D20240415T151918_IFCB206,35.954,-75.33,3,underway,AR82,IFCB206,site_CP12WESW,targetdepth_surface,
D20240415T154313_IFCB206,35.951,-75.333,3,underway,AR82,IFCB206,site_CP12WESW,targetdepth_surface,
D20240415T174418_IFCB206,35.956,-75.123,3,underway,AR82,IFCB206,site_CP10CNSM,targetdepth_surface,
D20240415T180812_IFCB206,35.955,-75.124,3,underway,AR82,IFCB206,site_CP10CNSM,targetdepth_surface,
D20240415T183207_IFCB206,35.955,-75.124,3,underway,AR82,IFCB206,site_CP10CNSM,targetdepth_surface,
D20240415T185601_IFCB206,35.954,-75.125,3,underway,AR82,IFCB206,site_CP10CNSM,targetdepth_surface,
D20240415T191955_IFCB206,35.951,-75.124,3,underway,AR82,IFCB206,site_CP10CNSM,targetdepth_surface,
D20240415T194349_IFCB206,35.955,-75.127,3,underway,AR82,IFCB206,site_CP10CNSM,targetdepth_surface,
D20240415T200744_IFCB206,35.955,-75.122,3,underway,AR82,IFCB206,site_CP10CNSM,targetdepth_surface,
D20240415T203138_IFCB206,35.95,-75.125,3,underway,AR82,IFCB206,site_CP10CNSM,targetdepth_surface,
D20240415T205532_IFCB206,35.949,-75.118,3,underway,AR82,IFCB206,site_CP10CNSM,targetdepth_surface,
D20240415T211926_IFCB206,35.929,-75.056,3,underway,AR82,IFCB206,,targetdepth_surface,
D20240415T224431_IFCB206,35.859,-74.853,3,underway,AR82,IFCB206,site_CP14SEPM,targetdepth_surface,
D20240415T230825_IFCB206,35.852,-74.848,3,underway,AR82,IFCB206,site_CP14SEPM,targetdepth_surface,
D20240415T233219_IFCB206,35.852,-74.848,3,underway,AR82,IFCB206,site_CP14SEPM,targetdepth_surface,
D20240415T235613_IFCB206,35.852,-74.848,3,underway,AR82,IFCB206,site_CP14SEPM,targetdepth_surface,
D20240416T002008_IFCB206,35.852,-74.848,3,underway,AR82,IFCB206,site_CP14SEPM,targetdepth_surface,
D20240416T004402_IFCB206,35.852,-74.848,3,underway,AR82,IFCB206,site_CP14SEPM,targetdepth_surface,
D20240416T010756_IFCB206,35.85,-74.862,3,underway,AR82,IFCB206,site_CP14SEPM,targetdepth_surface,
D20240416T013150_IFCB206,35.868,-74.941,3,underway,AR82,IFCB206,,targetdepth_surface,
D20240416T021224_IFCB206,35.893,-75.081,3,underway,AR82,IFCB206,,targetdepth_surface,
D20240416T023619_IFCB206,35.908,-75.163,3,underway,AR82,IFCB206,,targetdepth_surface,
D20240416T030014_IFCB206,35.923,-75.243,3,underway,AR82,IFCB206,,targetdepth_surface,
D20240416T032408_IFCB206,35.939,-75.324,3,underway,AR82,IFCB206,site_CP12WESW,targetdepth_surface,
D20240416T034803_IFCB206,35.942,-75.271,3,underway,AR82,IFCB206,,targetdepth_surface,
D20240416T041159_IFCB206,35.943,-75.193,3,underway,AR82,IFCB206,,targetdepth_surface,
D20240416T043554_IFCB206,35.942,-75.114,3,underway,AR82,IFCB206,site_CP10CNSM,targetdepth_surface,
D20240416T045948_IFCB206,35.941,-75.034,3,underway,AR82,IFCB206,,targetdepth_surface,
D20240416T052342_IFCB206,35.942,-74.954,3,underway,AR82,IFCB206,,targetdepth_surface,
D20240416T054737_IFCB206,35.942,-74.873,3,underway,AR82,IFCB206,,targetdepth_surface,
D20240416T061131_IFCB206,35.94,-74.792,3,underway,AR82,IFCB206,,targetdepth_surface,
D20240416T063525_IFCB206,35.95,-74.772,3,underway,AR82,IFCB206,,targetdepth_surface,
D20240416T065919_IFCB206,35.951,-74.845,3,underway,AR82,IFCB206,site_CP13EAPM,targetdepth_surface,
D20240416T072314_IFCB206,35.95,-74.845,3,underway,AR82,IFCB206,site_CP13EAPM,targetdepth_surface,
D20240416T074708_IFCB206,35.95,-74.845,3,underway,AR82,IFCB206,site_CP13EAPM,targetdepth_surface,
D20240416T081102_IFCB206,35.95,-74.845,3,underway,AR82,IFCB206,site_CP13EAPM,targetdepth_surface,
D20240416T083456_IFCB206,35.95,-74.845,3,underway,AR82,IFCB206,site_CP13EAPM,targetdepth_surface,
D20240416T085851_IFCB206,35.95,-74.845,3,underway,AR82,IFCB206,site_CP13EAPM,targetdepth_surface,
D20240416T092245_IFCB206,35.95,-74.845,3,underway,AR82,IFCB206,site_CP13EAPM,targetdepth_surface,
D20240416T094639_IFCB206,35.95,-74.845,3,underway,AR82,IFCB206,site_CP13EAPM,targetdepth_surface,
D20240416T101033_IFCB206,35.95,-74.845,3,underway,AR82,IFCB206,site_CP13EAPM,targetdepth_surface,
D20240416T103428_IFCB206,35.949,-74.847,3,underway,AR82,IFCB206,site_CP13EAPM,targetdepth_surface,
D20240416T105822_IFCB206,35.941,-74.84,3,underway,AR82,IFCB206,site_CP13EAPM,targetdepth_surface,
D20240416T112216_IFCB206,35.933,-74.836,3,underway,AR82,IFCB206,,targetdepth_surface,
D20240416T114610_IFCB206,35.934,-74.836,3,underway,AR82,IFCB206,site_CP13EAPM,targetdepth_surface,
D20240416T121005_IFCB206,35.934,-74.836,3,underway,AR82,IFCB206,site_CP13EAPM,targetdepth_surface,
D20240416T123359_IFCB206,35.935,-74.837,3,underway,AR82,IFCB206,site_CP13EAPM,targetdepth_surface,
D20240416T125753_IFCB206,35.939,-74.839,3,underway,AR82,IFCB206,site_CP13EAPM,targetdepth_surface,
D20240416T132148_IFCB206,35.945,-74.841,3,underway,AR82,IFCB206,site_CP13EAPM,targetdepth_surface,
D20240416T140221_IFCB206,35.956,-74.846,3,underway,AR82,IFCB206,site_CP13EAPM,targetdepth_surface,
D20240416T142616_IFCB206,35.951,-74.847,3,underway,AR82,IFCB206,site_CP13EAPM,targetdepth_surface,
D20240416T145010_IFCB206,35.951,-74.847,3,underway,AR82,IFCB206,site_CP13EAPM,targetdepth_surface,
D20240416T151404_IFCB206,35.957,-74.85,3,underway,AR82,IFCB206,site_CP13EAPM,targetdepth_surface,
D20240416T153759_IFCB206,35.955,-74.853,3,underway,AR82,IFCB206,site_CP13EAPM,targetdepth_surface,
D20240416T160153_IFCB206,35.882,-74.856,3,underway,AR82,IFCB206,,targetdepth_surface,
D20240416T162547_IFCB206,35.807,-74.867,3,underway,AR82,IFCB206,,targetdepth_surface,
D20240416T164941_IFCB206,35.731,-74.871,3,underway,AR82,IFCB206,site_CP11SOSM,targetdepth_surface,
D20240416T171335_IFCB206,35.693,-74.874,3,underway,AR82,IFCB206,,targetdepth_surface,
D20240416T173730_IFCB206,35.704,-74.872,3,underway,AR82,IFCB206,,targetdepth_surface,
D20240416T180124_IFCB206,35.707,-74.87,3,underway,AR82,IFCB206,,targetdepth_surface,
D20240416T182518_IFCB206,35.709,-74.867,3,underway,AR82,IFCB206,,targetdepth_surface,
D20240416T184912_IFCB206,35.715,-74.862,3,underway,AR82,IFCB206,site_CP11SOSM,targetdepth_surface,
D20240416T191307_IFCB206,35.72,-74.856,3,underway,AR82,IFCB206,site_CP11SOSM,targetdepth_surface,
D20240416T193701_IFCB206,35.725,-74.853,3,underway,AR82,IFCB206,site_CP11SOSM,targetdepth_surface,
D20240416T200055_IFCB206,35.725,-74.853,3,underway,AR82,IFCB206,site_CP11SOSM,targetdepth_surface,
D20240416T202449_IFCB206,35.72,-74.859,3,underway,AR82,IFCB206,site_CP11SOSM,targetdepth_surface,
D20240417T003009_IFCB206,35.942,-74.911,3,underway,AR82,IFCB206,,targetdepth_surface,
D20240417T005403_IFCB206,35.942,-74.969,3,underway,AR82,IFCB206,,targetdepth_surface,
D20240417T011757_IFCB206,35.941,-75.026,3,underway,AR82,IFCB206,,targetdepth_surface,
D20240417T014151_IFCB206,35.942,-75.084,3,underway,AR82,IFCB206,,targetdepth_surface,
D20240417T020546_IFCB206,35.941,-75.143,3,underway,AR82,IFCB206,site_CP10CNSM,targetdepth_surface,
D20240417T022940_IFCB206,35.941,-75.202,3,underway,AR82,IFCB206,,targetdepth_surface,
D20240417T031014_IFCB206,35.942,-75.302,3,underway,AR82,IFCB206,,targetdepth_surface,
D20240417T033409_IFCB206,35.951,-75.328,3,underway,AR82,IFCB206,site_CP12WESW,targetdepth_surface,
D20240417T035804_IFCB206,35.973,-75.277,3,underway,AR82,IFCB206,,targetdepth_surface,
D20240417T042158_IFCB206,35.995,-75.227,3,underway,AR82,IFCB206,,targetdepth_surface,
D20240417T044552_IFCB206,36.018,-75.175,3,underway,AR82,IFCB206,,targetdepth_surface,
D20240417T050946_IFCB206,36.041,-75.122,3,underway,AR82,IFCB206,,targetdepth_surface,
D20240417T053341_IFCB206,36.064,-75.07,3,underway,AR82,IFCB206,,targetdepth_surface,
D20240417T055735_IFCB206,36.084,-75.026,3,underway,AR82,IFCB206,,targetdepth_surface,
D20240417T062129_IFCB206,36.099,-74.992,3,underway,AR82,IFCB206,,targetdepth_surface,
D20240417T064523_IFCB206,36.116,-74.954,3,underway,AR82,IFCB206,,targetdepth_surface,
D20240417T070918_IFCB206,36.138,-74.903,3,underway,AR82,IFCB206,,targetdepth_surface,
D20240417T073312_IFCB206,36.164,-74.847,3,underway,AR82,IFCB206,,targetdepth_surface,
D20240417T075706_IFCB206,36.175,-74.825,3,underway,AR82,IFCB206,site_CP11NOSM,targetdepth_surface,
D20240417T082100_IFCB206,36.175,-74.825,3,underway,AR82,IFCB206,site_CP11NOSM,targetdepth_surface,
D20240417T084455_IFCB206,36.175,-74.825,3,underway,AR82,IFCB206,site_CP11NOSM,targetdepth_surface,
D20240417T090849_IFCB206,36.175,-74.825,3,underway,AR82,IFCB206,site_CP11NOSM,targetdepth_surface,
D20240417T093243_IFCB206,36.175,-74.826,3,underway,AR82,IFCB206,site_CP11NOSM,targetdepth_surface,
D20240417T095637_IFCB206,36.175,-74.825,3,underway,AR82,IFCB206,site_CP11NOSM,targetdepth_surface,
D20240417T102032_IFCB206,36.172,-74.823,3,underway,AR82,IFCB206,site_CP11NOSM,targetdepth_surface,
D20240417T104426_IFCB206,36.198,-74.841,3,underway,AR82,IFCB206,,targetdepth_surface,
D20240417T110820_IFCB206,36.2,-74.843,3,underway,AR82,IFCB206,,targetdepth_surface,
D20240417T113215_IFCB206,36.196,-74.84,3,underway,AR82,IFCB206,,targetdepth_surface,
D20240417T115609_IFCB206,36.196,-74.84,3,underway,AR82,IFCB206,,targetdepth_surface,
D20240417T122003_IFCB206,36.195,-74.838,3,underway,AR82,IFCB206,,targetdepth_surface,
D20240417T124357_IFCB206,36.191,-74.836,3,underway,AR82,IFCB206,site_CP11NOSM,targetdepth_surface,
D20240417T130751_IFCB206,36.186,-74.831,3,underway,AR82,IFCB206,site_CP11NOSM,targetdepth_surface,
D20240417T133146_IFCB206,36.18,-74.827,3,underway,AR82,IFCB206,site_CP11NOSM,targetdepth_surface,
D20240417T135540_IFCB206,36.175,-74.826,3,underway,AR82,IFCB206,site_CP11NOSM,targetdepth_surface,
D20240417T141934_IFCB206,36.175,-74.826,3,underway,AR82,IFCB206,site_CP11NOSM,targetdepth_surface,
D20240417T144814_IFCB206,36.182,-74.825,3,underway,AR82,IFCB206,site_CP11NOSM,targetdepth_surface,
D20240417T161851_IFCB206,36.089,-75.009,3,underway,AR82,IFCB206,,targetdepth_surface,
D20240417T164245_IFCB206,36.055,-75.087,3,underway,AR82,IFCB206,,targetdepth_surface,
D20240417T170639_IFCB206,36.021,-75.165,3,underway,AR82,IFCB206,,targetdepth_surface,
D20240417T173033_IFCB206,35.991,-75.244,3,underway,AR82,IFCB206,,targetdepth_surface,
D20240417T175428_IFCB206,35.961,-75.321,3,underway,AR82,IFCB206,site_CP12WESW,targetdepth_surface,
D20240417T181822_IFCB206,35.959,-75.325,3,underway,AR82,IFCB206,site_CP12WESW,targetdepth_surface,
D20240417T184216_IFCB206,35.959,-75.294,3,underway,AR82,IFCB206,,targetdepth_surface,
D20240417T190610_IFCB206,35.958,-75.326,3,underway,AR82,IFCB206,site_CP12WESW,targetdepth_surface,
D20240417T193005_IFCB206,35.957,-75.295,3,underway,AR82,IFCB206,,targetdepth_surface,
D20240417T195359_IFCB206,35.956,-75.322,3,underway,AR82,IFCB206,site_CP12WESW,targetdepth_surface,
D20240417T201753_IFCB206,35.956,-75.3,3,underway,AR82,IFCB206,,targetdepth_surface,
D20240417T204147_IFCB206,35.955,-75.325,3,underway,AR82,IFCB206,site_CP12WESW,targetdepth_surface,
D20240417T210542_IFCB206,35.954,-75.297,3,underway,AR82,IFCB206,,targetdepth_surface,
D20240417T212936_IFCB206,35.953,-75.322,3,underway,AR82,IFCB206,site_CP12WESW,targetdepth_surface,
D20240417T215330_IFCB206,35.953,-75.297,3,underway,AR82,IFCB206,,targetdepth_surface,
D20240417T221726_IFCB206,35.952,-75.32,3,underway,AR82,IFCB206,site_CP12WESW,targetdepth_surface,
D20240417T224120_IFCB206,35.951,-75.3,3,underway,AR82,IFCB206,,targetdepth_surface,
D20240417T230514_IFCB206,35.95,-75.317,3,underway,AR82,IFCB206,site_CP12WESW,targetdepth_surface,
D20240417T232908_IFCB206,35.949,-75.302,3,underway,AR82,IFCB206,,targetdepth_surface,
D20240417T235303_IFCB206,35.948,-75.314,3,underway,AR82,IFCB206,site_CP12WESW,targetdepth_surface,
D20240418T001657_IFCB206,35.948,-75.307,3,underway,AR82,IFCB206,,targetdepth_surface,
D20240418T004051_IFCB206,35.947,-75.312,3,underway,AR82,IFCB206,site_CP12WESW,targetdepth_surface,
D20240418T010445_IFCB206,35.946,-75.306,3,underway,AR82,IFCB206,,targetdepth_surface,
D20240418T012840_IFCB206,35.945,-75.312,3,underway,AR82,IFCB206,,targetdepth_surface,
D20240418T015234_IFCB206,35.944,-75.306,3,underway,AR82,IFCB206,,targetdepth_surface,
D20240418T021628_IFCB206,35.943,-75.312,3,underway,AR82,IFCB206,,targetdepth_surface,
D20240418T024509_IFCB206,35.943,-75.299,3,underway,AR82,IFCB206,,targetdepth_surface,
D20240418T030904_IFCB206,35.942,-75.32,3,underway,AR82,IFCB206,site_CP12WESW,targetdepth_surface,
D20240418T033258_IFCB206,35.941,-75.299,3,underway,AR82,IFCB206,,targetdepth_surface,
D20240418T035652_IFCB206,35.936,-75.221,3,underway,AR82,IFCB206,,targetdepth_surface,
D20240418T042047_IFCB206,35.936,-75.131,3,underway,AR82,IFCB206,site_CP10CNSM,targetdepth_surface,
D20240418T044441_IFCB206,35.936,-75.043,3,underway,AR82,IFCB206,,targetdepth_surface,
D20240418T050835_IFCB206,35.935,-74.955,3,underway,AR82,IFCB206,,targetdepth_surface,
D20240418T053229_IFCB206,35.936,-74.864,3,underway,AR82,IFCB206,,targetdepth_surface,
D20240418T055624_IFCB206,35.937,-74.772,3,underway,AR82,IFCB206,,targetdepth_surface,
D20240418T062018_IFCB206,35.999,-74.756,3,underway,AR82,IFCB206,,targetdepth_surface,
D20240418T064412_IFCB206,36.04,-74.779,3,underway,AR82,IFCB206,site_CP14NEPM,targetdepth_surface,
D20240418T070806_IFCB206,36.039,-74.828,3,underway,AR82,IFCB206,,targetdepth_surface,
D20240418T073200_IFCB206,36.039,-74.893,3,underway,AR82,IFCB206,,targetdepth_surface,
D20240418T075555_IFCB206,36.039,-74.968,3,underway,AR82,IFCB206,,targetdepth_surface,
D20240418T081949_IFCB206,36.039,-75.046,3,underway,AR82,IFCB206,,targetdepth_surface,
D20240418T084343_IFCB206,36.039,-75.128,3,underway,AR82,IFCB206,,targetdepth_surface,
D20240418T090737_IFCB206,36.039,-75.209,3,underway,AR82,IFCB206,,targetdepth_surface,
D20240418T093132_IFCB206,36.04,-75.292,3,underway,AR82,IFCB206,,targetdepth_surface,
D20240418T095526_IFCB206,35.99,-75.323,3,underway,AR82,IFCB206,,targetdepth_surface,
D20240418T101920_IFCB206,35.95,-75.333,3,underway,AR82,IFCB206,site_CP12WESW,targetdepth_surface,
D20240418T104315_IFCB206,35.95,-75.333,3,underway,AR82,IFCB206,site_CP12WESW,targetdepth_surface,
D20240418T110709_IFCB206,35.95,-75.333,3,underway,AR82,IFCB206,site_CP12WESW,targetdepth_surface,
D20240418T113103_IFCB206,35.95,-75.333,3,underway,AR82,IFCB206,site_CP12WESW,targetdepth_surface,
D20240418T115457_IFCB206,35.95,-75.333,3,underway,AR82,IFCB206,site_CP12WESW,targetdepth_surface,
D20240418T121852_IFCB206,35.949,-75.33,3,underway,AR82,IFCB206,site_CP12WESW,targetdepth_surface,
D20240418T124246_IFCB206,35.952,-75.247,3,underway,AR82,IFCB206,,targetdepth_surface,
D20240418T130640_IFCB206,35.948,-75.228,3,underway,AR82,IFCB206,,targetdepth_surface,
D20240418T133034_IFCB206,35.95,-75.144,3,underway,AR82,IFCB206,site_CP10CNSM,targetdepth_surface,
D20240418T135429_IFCB206,35.949,-75.125,3,underway,AR82,IFCB206,site_CP10CNSM,targetdepth_surface,
D20240418T141823_IFCB206,35.953,-75.057,3,underway,AR82,IFCB206,,targetdepth_surface,
D20240418T144704_IFCB206,35.948,-75.02,3,underway,AR82,IFCB206,,targetdepth_surface,
D20240418T151059_IFCB206,35.951,-74.939,3,underway,AR82,IFCB206,,targetdepth_surface,
D20240418T153454_IFCB206,35.952,-74.925,3,underway,AR82,IFCB206,,targetdepth_surface,
D20240418T155848_IFCB206,35.951,-74.846,3,underway,AR82,IFCB206,site_CP13EAPM,targetdepth_surface,
D20240418T162242_IFCB206,35.95,-74.845,3,underway,AR82,IFCB206,site_CP13EAPM,targetdepth_surface,
D20240418T164636_IFCB206,35.951,-74.765,3,underway,AR82,IFCB206,,targetdepth_surface,
D20240418T171031_IFCB206,35.95,-74.753,3,underway,AR82,IFCB206,,targetdepth_surface,
D20240418T173425_IFCB206,35.95,-74.753,3,underway,AR82,IFCB206,,targetdepth_surface,
D20240418T175819_IFCB206,35.924,-74.716,3,underway,AR82,IFCB206,,targetdepth_surface,
D20240418T182213_IFCB206,35.904,-74.701,3,underway,AR82,IFCB206,,targetdepth_surface,
D20240418T184608_IFCB206,35.909,-74.714,3,underway,AR82,IFCB206,,targetdepth_surface,
D20240418T191002_IFCB206,35.915,-74.721,3,underway,AR82,IFCB206,,targetdepth_surface,
D20240418T193356_IFCB206,35.922,-74.807,3,underway,AR82,IFCB206,,targetdepth_surface,
D20240418T195751_IFCB206,35.927,-74.898,3,underway,AR82,IFCB206,,targetdepth_surface,
D20240418T202145_IFCB206,35.931,-74.988,3,underway,AR82,IFCB206,,targetdepth_surface,
D20240418T204539_IFCB206,35.937,-75.078,3,underway,AR82,IFCB206,,targetdepth_surface,
D20240418T210933_IFCB206,35.948,-75.126,3,underway,AR82,IFCB206,site_CP10CNSM,targetdepth_surface,
D20240418T213327_IFCB206,35.95,-75.125,3,underway,AR82,IFCB206,site_CP10CNSM,targetdepth_surface,
D20240418T215722_IFCB206,35.95,-75.125,3,underway,AR82,IFCB206,site_CP10CNSM,targetdepth_surface,
D20240418T222116_IFCB206,35.95,-75.125,3,underway,AR82,IFCB206,site_CP10CNSM,targetdepth_surface,
D20240418T224510_IFCB206,35.95,-75.125,3,underway,AR82,IFCB206,site_CP10CNSM,targetdepth_surface,
D20240418T230905_IFCB206,35.95,-75.125,3,underway,AR82,IFCB206,site_CP10CNSM,targetdepth_surface,
D20240418T233259_IFCB206,35.95,-75.125,3,underway,AR82,IFCB206,site_CP10CNSM,targetdepth_surface,
D20240418T235653_IFCB206,35.95,-75.125,3,underway,AR82,IFCB206,site_CP10CNSM,targetdepth_surface,
D20240419T002047_IFCB206,35.97,-75.091,3,underway,AR82,IFCB206,,targetdepth_surface,
D20240419T004442_IFCB206,36.01,-75.024,3,underway,AR82,IFCB206,,targetdepth_surface,
D20240419T010836_IFCB206,36.052,-74.96,3,underway,AR82,IFCB206,,targetdepth_surface,
D20240419T013230_IFCB206,36.103,-74.907,3,underway,AR82,IFCB206,,targetdepth_surface,
D20240419T015624_IFCB206,36.156,-74.851,3,underway,AR82,IFCB206,,targetdepth_surface,
D20240419T022019_IFCB206,36.175,-74.826,3,underway,AR82,IFCB206,site_CP11NOSM,targetdepth_surface,
D20240419T024858_IFCB206,36.175,-74.826,3,underway,AR82,IFCB206,site_CP11NOSM,targetdepth_surface,
D20240419T031252_IFCB206,36.175,-74.826,3,underway,AR82,IFCB206,site_CP11NOSM,targetdepth_surface,
D20240419T033646_IFCB206,36.175,-74.826,3,underway,AR82,IFCB206,site_CP11NOSM,targetdepth_surface,
D20240419T040041_IFCB206,36.175,-74.826,3,underway,AR82,IFCB206,site_CP11NOSM,targetdepth_surface,
D20240419T042435_IFCB206,36.135,-74.829,3,underway,AR82,IFCB206,,targetdepth_surface,
D20240419T044829_IFCB206,36.064,-74.832,3,underway,AR82,IFCB206,,targetdepth_surface,
D20240419T051223_IFCB206,35.992,-74.836,3,underway,AR82,IFCB206,,targetdepth_surface,
D20240419T053618_IFCB206,35.917,-74.839,3,underway,AR82,IFCB206,,targetdepth_surface,
D20240419T060012_IFCB206,35.842,-74.843,3,underway,AR82,IFCB206,site_CP14SEPM,targetdepth_surface,
D20240419T062406_IFCB206,35.766,-74.852,3,underway,AR82,IFCB206,,targetdepth_surface,
D20240419T064800_IFCB206,35.725,-74.854,3,underway,AR82,IFCB206,site_CP11SOSM,targetdepth_surface,
D20240419T071155_IFCB206,35.725,-74.853,3,underway,AR82,IFCB206,site_CP11SOSM,targetdepth_surface,
D20240419T073550_IFCB206,35.725,-74.853,3,underway,AR82,IFCB206,site_CP11SOSM,targetdepth_surface,
D20240419T075944_IFCB206,35.725,-74.853,3,underway,AR82,IFCB206,site_CP11SOSM,targetdepth_surface,
D20240419T082338_IFCB206,35.725,-74.853,3,underway,AR82,IFCB206,site_CP11SOSM,targetdepth_surface,
D20240419T084733_IFCB206,35.725,-74.853,3,underway,AR82,IFCB206,site_CP11SOSM,targetdepth_surface,
D20240419T091127_IFCB206,35.725,-74.853,3,underway,AR82,IFCB206,site_CP11SOSM,targetdepth_surface,
D20240419T093521_IFCB206,35.725,-74.853,3,underway,AR82,IFCB206,site_CP11SOSM,targetdepth_surface,
D20240419T095915_IFCB206,35.725,-74.853,3,underway,AR82,IFCB206,site_CP11SOSM,targetdepth_surface,
D20240419T102310_IFCB206,35.725,-74.853,3,underway,AR82,IFCB206,site_CP11SOSM,targetdepth_surface,
D20240419T104704_IFCB206,35.725,-74.853,3,underway,AR82,IFCB206,site_CP11SOSM,targetdepth_surface,
D20240419T111058_IFCB206,35.725,-74.853,3,underway,AR82,IFCB206,site_CP11SOSM,targetdepth_surface,
D20240419T113452_IFCB206,35.725,-74.853,3,underway,AR82,IFCB206,site_CP11SOSM,targetdepth_surface,
D20240419T115847_IFCB206,35.725,-74.853,3,underway,AR82,IFCB206,site_CP11SOSM,targetdepth_surface,
D20240419T122241_IFCB206,35.729,-74.855,3,underway,AR82,IFCB206,site_CP11SOSM,targetdepth_surface,
D20240419T124635_IFCB206,35.785,-74.874,3,underway,AR82,IFCB206,,targetdepth_surface,
D20240419T131029_IFCB206,35.799,-74.879,3,underway,AR82,IFCB206,,targetdepth_surface,
D20240419T133424_IFCB206,35.841,-74.876,3,underway,AR82,IFCB206,,targetdepth_surface,
D20240419T135818_IFCB206,35.876,-74.875,3,underway,AR82,IFCB206,,targetdepth_surface,
D20240419T142212_IFCB206,35.899,-74.865,3,underway,AR82,IFCB206,,targetdepth_surface,
D20240419T145051_IFCB206,35.95,-74.845,3,underway,AR82,IFCB206,site_CP13EAPM,targetdepth_surface,
D20240419T151447_IFCB206,35.968,-74.842,3,underway,AR82,IFCB206,,targetdepth_surface,
D20240419T153841_IFCB206,36.024,-74.836,3,underway,AR82,IFCB206,,targetdepth_surface,
D20240419T160235_IFCB206,36.023,-74.837,3,underway,AR82,IFCB206,,targetdepth_surface,
D20240419T162629_IFCB206,36.078,-74.837,3,underway,AR82,IFCB206,,targetdepth_surface,
D20240419T165024_IFCB206,36.098,-74.838,3,underway,AR82,IFCB206,,targetdepth_surface,
D20240419T171418_IFCB206,36.124,-74.834,3,underway,AR82,IFCB206,,targetdepth_surface,
D20240419T173812_IFCB206,36.174,-74.827,3,underway,AR82,IFCB206,site_CP11NOSM,targetdepth_surface,
D20240419T180206_IFCB206,36.172,-74.827,3,underway,AR82,IFCB206,site_CP11NOSM,targetdepth_surface,
D20240419T182601_IFCB206,36.113,-74.832,3,underway,AR82,IFCB206,,targetdepth_surface,
D20240419T184955_IFCB206,36.09,-74.831,3,underway,AR82,IFCB206,,targetdepth_surface,
D20240419T191349_IFCB206,36.155,-74.832,3,underway,AR82,IFCB206,,targetdepth_surface,
D20240419T193743_IFCB206,36.215,-74.828,3,underway,AR82,IFCB206,,targetdepth_surface,
D20240419T200138_IFCB206,36.28,-74.797,3,underway,AR82,IFCB206,,targetdepth_surface,
D20240419T202532_IFCB206,36.345,-74.766,3,underway,AR82,IFCB206,,targetdepth_surface,
D20240419T204926_IFCB206,36.402,-74.717,3,underway,AR82,IFCB206,,targetdepth_surface,
D20240419T211320_IFCB206,36.454,-74.654,3,underway,AR82,IFCB206,,targetdepth_surface,
D20240419T213715_IFCB206,36.508,-74.595,3,underway,AR82,IFCB206,,targetdepth_surface,
D20240419T220109_IFCB206,36.571,-74.545,3,underway,AR82,IFCB206,,targetdepth_surface,
D20240419T222503_IFCB206,36.633,-74.494,3,underway,AR82,IFCB206,,targetdepth_surface,
D20240419T224857_IFCB206,36.692,-74.446,3,underway,AR82,IFCB206,,targetdepth_surface,
D20240419T231252_IFCB206,36.755,-74.399,3,underway,AR82,IFCB206,,targetdepth_surface,
D20240419T233646_IFCB206,36.818,-74.354,3,underway,AR82,IFCB206,,targetdepth_surface,
D20240420T000040_IFCB206,36.877,-74.308,3,underway,AR82,IFCB206,,targetdepth_surface,
D20240420T002434_IFCB206,36.935,-74.259,3,underway,AR82,IFCB206,,targetdepth_surface,
D20240420T004829_IFCB206,36.994,-74.21,3,underway,AR82,IFCB206,,targetdepth_surface,
D20240420T011224_IFCB206,37.054,-74.16,3,underway,AR82,IFCB206,,targetdepth_surface,
D20240420T013618_IFCB206,37.115,-74.108,3,underway,AR82,IFCB206,,targetdepth_surface,
D20240420T020012_IFCB206,37.176,-74.054,3,underway,AR82,IFCB206,,targetdepth_surface,
D20240420T022407_IFCB206,37.239,-74.004,3,underway,AR82,IFCB206,,targetdepth_surface,
D20240420T025248_IFCB206,37.313,-73.947,3,underway,AR82,IFCB206,,targetdepth_surface,
D20240420T031642_IFCB206,37.375,-73.897,3,underway,AR82,IFCB206,,targetdepth_surface,
D20240420T034037_IFCB206,37.438,-73.847,3,underway,AR82,IFCB206,,targetdepth_surface,
D20240420T040431_IFCB206,37.501,-73.8,3,underway,AR82,IFCB206,,targetdepth_surface,
D20240420T042825_IFCB206,37.57,-73.765,3,underway,AR82,IFCB206,,targetdepth_surface,
D20240420T045219_IFCB206,37.639,-73.728,3,underway,AR82,IFCB206,,targetdepth_surface,
D20240420T051614_IFCB206,37.709,-73.687,3,underway,AR82,IFCB206,,targetdepth_surface,
D20240420T054008_IFCB206,37.778,-73.645,3,underway,AR82,IFCB206,,targetdepth_surface,
D20240420T060402_IFCB206,37.848,-73.61,3,underway,AR82,IFCB206,,targetdepth_surface,
D20240420T062756_IFCB206,37.914,-73.576,3,underway,AR82,IFCB206,,targetdepth_surface,
D20240420T065151_IFCB206,37.983,-73.539,3,underway,AR82,IFCB206,,targetdepth_surface,
D20240420T071546_IFCB206,38.049,-73.498,3,underway,AR82,IFCB206,,targetdepth_surface,
D20240420T073941_IFCB206,38.117,-73.46,3,underway,AR82,IFCB206,,targetdepth_surface,
D20240420T080336_IFCB206,38.182,-73.418,3,underway,AR82,IFCB206,,targetdepth_surface,
D20240420T082732_IFCB206,38.246,-73.379,3,underway,AR82,IFCB206,,targetdepth_surface,
D20240420T085127_IFCB206,38.311,-73.343,3,underway,AR82,IFCB206,,targetdepth_surface,
D20240420T091521_IFCB206,38.378,-73.307,3,underway,AR82,IFCB206,,targetdepth_surface,
D20240420T093915_IFCB206,38.446,-73.272,3,underway,AR82,IFCB206,,targetdepth_surface,
D20240420T100310_IFCB206,38.495,-73.208,3,underway,AR82,IFCB206,,targetdepth_surface,
D20240420T102704_IFCB206,38.534,-73.129,3,underway,AR82,IFCB206,,targetdepth_surface,
D20240420T105058_IFCB206,38.571,-73.053,3,underway,AR82,IFCB206,,targetdepth_surface,
D20240420T111453_IFCB206,38.607,-72.974,3,underway,AR82,IFCB206,,targetdepth_surface,
D20240420T113848_IFCB206,38.642,-72.895,3,underway,AR82,IFCB206,,targetdepth_surface,
D20240420T120242_IFCB206,38.677,-72.817,3,underway,AR82,IFCB206,,targetdepth_surface,
D20240420T122636_IFCB206,38.716,-72.742,3,underway,AR82,IFCB206,,targetdepth_surface,
D20240420T125031_IFCB206,38.759,-72.669,3,underway,AR82,IFCB206,,targetdepth_surface,
D20240420T131425_IFCB206,38.802,-72.595,3,underway,AR82,IFCB206,,targetdepth_surface,
D20240420T133819_IFCB206,38.846,-72.521,3,underway,AR82,IFCB206,,targetdepth_surface,
D20240420T140213_IFCB206,38.888,-72.445,3,underway,AR82,IFCB206,,targetdepth_surface,
D20240420T142607_IFCB206,38.931,-72.371,3,underway,AR82,IFCB206,,targetdepth_surface,
D20240420T145449_IFCB206,38.982,-72.285,3,underway,AR82,IFCB206,,targetdepth_surface,
D20240420T151844_IFCB206,39.027,-72.208,3,underway,AR82,IFCB206,,targetdepth_surface,
D20240420T154238_IFCB206,39.071,-72.13,3,underway,AR82,IFCB206,,targetdepth_surface,
D20240420T160632_IFCB206,39.116,-72.049,3,underway,AR82,IFCB206,,targetdepth_surface,
D20240420T163027_IFCB206,39.161,-71.969,3,underway,AR82,IFCB206,,targetdepth_surface,
D20240420T165421_IFCB206,39.206,-71.887,3,underway,AR82,IFCB206,,targetdepth_surface,
D20240420T171815_IFCB206,39.251,-71.806,3,underway,AR82,IFCB206,,targetdepth_surface,
D20240420T174210_IFCB206,39.297,-71.723,3,underway,AR82,IFCB206,,targetdepth_surface,
D20240420T180605_IFCB206,39.343,-71.641,3,underway,AR82,IFCB206,,targetdepth_surface,
D20240420T182959_IFCB206,39.385,-71.561,3,underway,AR82,IFCB206,,targetdepth_surface,
D20240420T185353_IFCB206,39.426,-71.476,3,underway,AR82,IFCB206,,targetdepth_surface,
D20240420T191747_IFCB206,39.471,-71.395,3,underway,AR82,IFCB206,,targetdepth_surface,
D20240420T194143_IFCB206,39.516,-71.315,3,underway,AR82,IFCB206,,targetdepth_surface,
D20240420T200538_IFCB206,39.567,-71.233,3,underway,AR82,IFCB206,,targetdepth_surface,
D20240420T202932_IFCB206,39.616,-71.151,3,underway,AR82,IFCB206,,targetdepth_surface,
D20240420T205326_IFCB206,39.668,-71.07,3,underway,AR82,IFCB206,,targetdepth_surface,
D20240420T211721_IFCB206,39.717,-70.987,3,underway,AR82,IFCB206,,targetdepth_surface,
D20240420T214115_IFCB206,39.76,-70.907,3,underway,AR82,IFCB206,,targetdepth_surface,
D20240420T220509_IFCB206,39.82,-70.885,3,underway,AR82,IFCB206,,targetdepth_surface,
D20240420T222903_IFCB206,39.888,-70.882,3,underway,AR82,IFCB206,,targetdepth_surface,
D20240330T151115_IFCB206,,,,beads_test,AR82,IFCB206,,,qc_beads_test
D20240403T154310_IFCB206,35.9498833,-75.1258167,9.0,discrete,AR82,IFCB206,site_CP10CNSM,targetdepth_7m,
D20240403T160705_IFCB206,35.9498833,-75.1258167,9.0,discrete,AR82,IFCB206,site_CP10CNSM,targetdepth_7m,
D20240403T163100_IFCB206,35.9498833,-75.1258167,9.0,discrete,AR82,IFCB206,site_CP10CNSM,targetdepth_7m,
D20240403T165903_IFCB206,35.9498833,-75.1258167,9.0,discrete,AR82,IFCB206,site_CP10CNSM,targetdepth_7m,
D20240403T172257_IFCB206,35.9498833,-75.1258167,9.0,discrete,AR82,IFCB206,site_CP10CNSM,targetdepth_7m,
D20240403T174651_IFCB206,35.9498833,-75.1258167,9.0,discrete,AR82,IFCB206,site_CP10CNSM,targetdepth_7m,
D20240403T182227_IFCB206,35.9498833,-75.1258167,3.0,discrete,AR82,IFCB206,site_CP10CNSM,targetdepth_surface,
D20240403T184621_IFCB206,35.9498833,-75.1258167,3.0,discrete,AR82,IFCB206,site_CP10CNSM,targetdepth_surface,
D20240403T191015_IFCB206,35.9498833,-75.1258167,3.0,discrete,AR82,IFCB206,site_CP10CNSM,targetdepth_surface,
D20240403T200137_IFCB206,35.9498833,-75.1258167,27.0,discrete,AR82,IFCB206,site_CP10CNSM,targetdepth_bottom,
D20240403T202532_IFCB206,35.9498833,-75.1258167,27.0,discrete,AR82,IFCB206,site_CP10CNSM,targetdepth_bottom,
D20240403T204926_IFCB206,35.9498833,-75.1258167,27.0,discrete,AR82,IFCB206,site_CP10CNSM,targetdepth_bottom,
D20240404T203448_IFCB206,36.1749833,-74.8266,7.0,discrete,AR82,IFCB206,site_CP11NOSM,targetdepth_7m,
D20240404T205843_IFCB206,36.1749833,-74.8266,7.0,discrete,AR82,IFCB206,site_CP11NOSM,targetdepth_7m,
D20240404T212238_IFCB206,36.1749833,-74.8266,7.0,discrete,AR82,IFCB206,site_CP11NOSM,targetdepth_7m,
D20240404T215037_IFCB206,36.1749833,-74.8266,7.0,discrete,AR82,IFCB206,site_CP11NOSM,targetdepth_7m,
D20240404T221432_IFCB206,36.1749833,-74.8266,7.0,discrete,AR82,IFCB206,site_CP11NOSM,targetdepth_7m,
D20240404T223827_IFCB206,36.1749833,-74.8266,7.0,discrete,AR82,IFCB206,site_CP11NOSM,targetdepth_7m,
D20240404T231741_IFCB206,36.1749833,-74.8266,3.0,discrete,AR82,IFCB206,site_CP11NOSM,targetdepth_surface,
D20240404T234135_IFCB206,36.1749833,-74.8266,3.0,discrete,AR82,IFCB206,site_CP11NOSM,targetdepth_surface,
D20240405T000529_IFCB206,36.1749833,-74.8266,3.0,discrete,AR82,IFCB206,site_CP11NOSM,targetdepth_surface,
D20240405T003145_IFCB206,36.1749833,-74.8266,42.0,discrete,AR82,IFCB206,site_CP11NOSM,targetdepth_45m,
D20240405T005539_IFCB206,36.1749833,-74.8266,42.0,discrete,AR82,IFCB206,site_CP11NOSM,targetdepth_45m,
D20240405T011934_IFCB206,36.1749833,-74.8266,42.0,discrete,AR82,IFCB206,site_CP11NOSM,targetdepth_45m,
D20240405T014938_IFCB206,36.1749833,-74.8266,14.0,discrete,AR82,IFCB206,site_CP11NOSM,targetdepth_chl max,
D20240405T021333_IFCB206,36.1749833,-74.8266,14.0,discrete,AR82,IFCB206,site_CP11NOSM,targetdepth_chl max,
D20240405T023727_IFCB206,36.1749833,-74.8266,14.0,discrete,AR82,IFCB206,site_CP11NOSM,targetdepth_chl max,
D20240405T150819_IFCB206,35.72425,-74.8512167,7.0,discrete,AR82,IFCB206,site_CP11SOSM,targetdepth_7m,
D20240405T153214_IFCB206,35.72425,-74.8512167,7.0,discrete,AR82,IFCB206,site_CP11SOSM,targetdepth_7m,
D20240405T155608_IFCB206,35.72425,-74.8512167,7.0,discrete,AR82,IFCB206,site_CP11SOSM,targetdepth_7m,
D20240405T162205_IFCB206,35.72425,-74.8512167,7.0,discrete,AR82,IFCB206,site_CP11SOSM,targetdepth_7m,
D20240405T164600_IFCB206,35.72425,-74.8512167,7.0,discrete,AR82,IFCB206,site_CP11SOSM,targetdepth_7m,
D20240405T170954_IFCB206,35.72425,-74.8512167,7.0,discrete,AR82,IFCB206,site_CP11SOSM,targetdepth_7m,
D20240405T174108_IFCB206,35.72425,-74.8512167,3.0,discrete,AR82,IFCB206,site_CP11SOSM,targetdepth_surface,
D20240405T180502_IFCB206,35.72425,-74.8512167,3.0,discrete,AR82,IFCB206,site_CP11SOSM,targetdepth_surface,
D20240405T182856_IFCB206,35.72425,-74.8512167,3.0,discrete,AR82,IFCB206,site_CP11SOSM,targetdepth_surface,
D20240405T193343_IFCB206,35.72425,-74.8512167,55.0,discrete,AR82,IFCB206,site_CP11SOSM,targetdepth_55m,
D20240405T195737_IFCB206,35.72425,-74.8512167,55.0,discrete,AR82,IFCB206,site_CP11SOSM,targetdepth_55m,
D20240405T202131_IFCB206,35.72425,-74.8512167,55.0,discrete,AR82,IFCB206,site_CP11SOSM,targetdepth_55m,
D20240408T164415_IFCB206,36.0538833,-74.7779167,7.0,discrete,AR82,IFCB206,site_CP14NEPM,targetdepth_7m,
D20240408T170810_IFCB206,36.0538833,-74.7779167,7.0,discrete,AR82,IFCB206,site_CP14NEPM,targetdepth_7m,
D20240408T173204_IFCB206,36.0538833,-74.7779167,7.0,discrete,AR82,IFCB206,site_CP14NEPM,targetdepth_7m,
D20240408T181658_IFCB206,36.0538833,-74.7779167,7.0,discrete,AR82,IFCB206,site_CP14NEPM,targetdepth_7m,
D20240408T184052_IFCB206,36.0538833,-74.7779167,7.0,discrete,AR82,IFCB206,site_CP14NEPM,targetdepth_7m,
D20240408T190446_IFCB206,36.0538833,-74.7779167,7.0,discrete,AR82,IFCB206,site_CP14NEPM,targetdepth_7m,
D20240408T194821_IFCB206,36.0538833,-74.7779167,24.0,discrete,AR82,IFCB206,site_CP14NEPM,targetdepth_20m,
D20240408T201215_IFCB206,36.0538833,-74.7779167,24.0,discrete,AR82,IFCB206,site_CP14NEPM,targetdepth_20m,
D20240408T203609_IFCB206,36.0538833,-74.7779167,24.0,discrete,AR82,IFCB206,site_CP14NEPM,targetdepth_20m,
D20240408T214307_IFCB206,36.0538833,-74.7779167,3.0,discrete,AR82,IFCB206,site_CP14NEPM,targetdepth_surface,
D20240408T220701_IFCB206,36.0538833,-74.7779167,3.0,discrete,AR82,IFCB206,site_CP14NEPM,targetdepth_surface,
D20240408T223055_IFCB206,36.0538833,-74.7779167,3.0,discrete,AR82,IFCB206,site_CP14NEPM,targetdepth_surface,
D20240415T163004_IFCB206,35.9506,-75.33285,2.0,discrete,AR82,IFCB206,site_CP12WESW,targetdepth_surface,
D20240415T165359_IFCB206,35.9506,-75.33285,2.0,discrete,AR82,IFCB206,site_CP12WESW,targetdepth_surface,
D20240415T171754_IFCB206,35.9506,-75.33285,2.0,discrete,AR82,IFCB206,site_CP12WESW,targetdepth_surface,
D20240415T212844_IFCB206,35.950217,-75.124517,3.0,discrete,AR82,IFCB206,site_CP10CNSM,targetdepth_surface,
D20240415T215238_IFCB206,35.950217,-75.124517,3.0,discrete,AR82,IFCB206,site_CP10CNSM,targetdepth_surface,
D20240415T221632_IFCB206,35.950217,-75.124517,3.0,discrete,AR82,IFCB206,site_CP10CNSM,targetdepth_surface,
D20240416T205235_IFCB206,35.725033,-74.85305,7.0,discrete,AR82,IFCB206,site_CP11SOSM,targetdepth_7m,
D20240416T211629_IFCB206,35.725033,-74.85305,7.0,discrete,AR82,IFCB206,site_CP11SOSM,targetdepth_7m,
D20240416T214023_IFCB206,35.725033,-74.85305,7.0,discrete,AR82,IFCB206,site_CP11SOSM,targetdepth_7m,
D20240416T223336_IFCB206,35.725033,-74.85305,23.0,discrete,AR82,IFCB206,site_CP11SOSM,targetdepth_chl max,
D20240416T225730_IFCB206,35.725033,-74.85305,23.0,discrete,AR82,IFCB206,site_CP11SOSM,targetdepth_chl max,
D20240416T232124_IFCB206,35.725033,-74.85305,23.0,discrete,AR82,IFCB206,site_CP11SOSM,targetdepth_chl max,
D20240417T150235_IFCB206,36.175117,-74.826233,3.0,discrete,AR82,IFCB206,site_CP11NOSM,targetdepth_surface,
D20240417T152629_IFCB206,36.175117,-74.826233,3.0,discrete,AR82,IFCB206,site_CP11NOSM,targetdepth_surface,
D20240417T155024_IFCB206,36.175117,-74.826233,3.0,discrete,AR82,IFCB206,site_CP11NOSM,targetdepth_surface,
